n_train,hidden,noise,lr,seed,step,train_mse_clean,val_mse_clean,test_mse_clean
500,128,0.0,0.001,2,0,0.07017446,0.06976207,0.07265072
500,128,0.0,0.001,2,1,0.04103429,0.04040744,0.04306683
500,128,0.0,0.001,2,2,0.03547847,0.03498966,0.03690898
500,128,0.0,0.001,2,3,0.03299269,0.03281667,0.03433979
500,128,0.0,0.001,2,4,0.02664715,0.02641727,0.02806251
500,128,0.0,0.001,2,5,0.02379408,0.02326688,0.02506355
500,128,0.0,0.001,2,6,0.02288389,0.02215696,0.02396479
500,128,0.0,0.001,2,7,0.02000862,0.01931127,0.0210329
500,128,0.0,0.001,2,8,0.01684035,0.0163067,0.01790177
500,128,0.0,0.001,2,9,0.01630232,0.01591059,0.0174014
500,128,0.0,0.001,2,11,0.01527722,0.01492808,0.01642325
500,128,0.0,0.001,2,12,0.0149091,0.01456769,0.01599246
500,128,0.0,0.001,2,14,0.01236207,0.01204507,0.01314965
500,128,0.0,0.001,2,16,0.01166972,0.01122998,0.01240251
500,128,0.0,0.001,2,19,0.00963139,0.00927773,0.00999977
500,128,0.0,0.001,2,22,0.00892408,0.00861571,0.00928662
500,128,0.0,0.001,2,26,0.00737966,0.00707354,0.00761245
500,128,0.0,0.001,2,30,0.00607231,0.00584568,0.0063821
500,128,0.0,0.001,2,34,0.00468932,0.00447798,0.00492348
500,128,0.0,0.001,2,40,0.00346186,0.00331179,0.00364097
500,128,0.0,0.001,2,46,0.00258536,0.00243124,0.00270862
500,128,0.0,0.001,2,54,0.00204596,0.00190481,0.00214755
500,128,0.0,0.001,2,62,0.00160197,0.00149065,0.00168305
500,128,0.0,0.001,2,72,0.00119259,0.00114235,0.0012747
500,128,0.0,0.001,2,83,0.00089889,0.00087128,0.00097229
500,128,0.0,0.001,2,97,0.00064995,0.00063655,0.00070843
500,128,0.0,0.001,2,112,0.00046396,0.0004677,0.00051882
500,128,0.0,0.001,2,130,0.00099789,0.00099151,0.0010216
500,128,0.0,0.001,2,150,0.0003404,0.00035839,0.00039226
500,128,0.0,0.001,2,174,0.00029647,0.00031263,0.00033401
500,128,0.0,0.001,2,202,0.00023365,0.00024549,0.00026486
500,128,0.0,0.001,2,234,0.00017101,0.00018214,0.00020418
500,128,0.0,0.001,2,271,0.00023646,0.00024844,0.00026104
500,128,0.0,0.001,2,314,9.593e-05,0.0001066,0.00012135
500,128,0.0,0.001,2,364,7.897e-05,9.175e-05,0.0001027
500,128,0.0,0.001,2,422,6.071e-05,7.09e-05,8.025e-05
500,128,0.0,0.001,2,489,5.416e-05,6.411e-05,7.354e-05
500,128,0.0,0.001,2,567,3.698e-05,4.543e-05,5.294e-05
500,128,0.0,0.001,2,657,2.85e-05,3.607e-05,4.233e-05
500,128,0.0,0.001,2,761,2.828e-05,3.445e-05,4.031e-05
500,128,0.0,0.001,2,882,2.163e-05,2.667e-05,3.104e-05
500,128,0.0,0.001,2,1023,2.8e-05,3.174e-05,3.54e-05
500,128,0.0,0.001,2,1185,2.217e-05,2.58e-05,2.878e-05
500,128,0.0,0.001,2,1373,1.57e-05,1.961e-05,2.251e-05
500,128,0.0,0.001,2,1592,0.00012308,0.0001196,0.00012553
500,128,0.0,0.001,2,1844,2.944e-05,3.198e-05,3.375e-05
500,128,0.0,0.001,2,2137,5.86e-06,8.48e-06,1.018e-05
500,128,0.0,0.001,2,2477,2.667e-05,2.832e-05,3.035e-05
500,128,0.0,0.001,2,2871,7.37e-06,9.11e-06,1.057e-05
500,128,0.0,0.001,2,3327,6.39e-06,8.26e-06,9.36e-06
500,128,0.0,0.001,2,3855,4.95e-06,6.57e-06,7.61e-06
500,128,0.0,0.001,2,4468,6.9e-06,8.25e-06,9.15e-06
500,128,0.0,0.001,2,5177,4.89e-06,6.28e-06,6.96e-06
500,128,0.0,0.001,2,6000,2.16e-06,3.42e-06,4e-06
500,128,0.0,0.003,2,0,0.07017446,0.06976207,0.07265072
500,128,0.0,0.003,2,1,0.05900289,0.05846413,0.05950629
500,128,0.0,0.003,2,2,0.07730877,0.07591143,0.07753894
500,128,0.0,0.003,2,3,0.03439261,0.03325929,0.03528577
500,128,0.0,0.003,2,4,0.0252073,0.0247746,0.02649582
500,128,0.0,0.003,2,5,0.02746221,0.02756669,0.02874842
500,128,0.0,0.003,2,6,0.01991102,0.01989669,0.02114472
500,128,0.0,0.003,2,7,0.01819295,0.0179419,0.01943451
500,128,0.0,0.003,2,8,0.02056172,0.02019983,0.02172566
500,128,0.0,0.003,2,9,0.01999062,0.0196078,0.02103179
500,128,0.0,0.003,2,11,0.01467409,0.01423926,0.01568134
500,128,0.0,0.003,2,12,0.01459949,0.01420695,0.0156166
500,128,0.0,0.003,2,14,0.01282357,0.01265924,0.01347886
500,128,0.0,0.003,2,16,0.01050505,0.01020808,0.01084026
500,128,0.0,0.003,2,19,0.01037855,0.00998158,0.01081081
500,128,0.0,0.003,2,22,0.00793871,0.00777784,0.0082131
500,128,0.0,0.003,2,26,0.00627648,0.00603465,0.00655834
500,128,0.0,0.003,2,30,0.0045104,0.00434132,0.00472944
500,128,0.0,0.003,2,34,0.0035635,0.00347054,0.00374816
500,128,0.0,0.003,2,40,0.00259336,0.0025416,0.00274356
500,128,0.0,0.003,2,46,0.00186881,0.00176072,0.00196178
500,128,0.0,0.003,2,54,0.00136868,0.00131175,0.00144915
500,128,0.0,0.003,2,62,0.00094998,0.00092949,0.00101994
500,128,0.0,0.003,2,72,0.00064518,0.00064121,0.00070824
500,128,0.0,0.003,2,83,0.00044242,0.00043885,0.00049154
500,128,0.0,0.003,2,97,0.00030148,0.00030512,0.00034611
500,128,0.0,0.003,2,112,0.00022056,0.00022864,0.00026184
500,128,0.0,0.003,2,130,0.00015625,0.00016776,0.00019313
500,128,0.0,0.003,2,150,0.0001235,0.00013456,0.0001551
500,128,0.0,0.003,2,174,9.161e-05,0.00010171,0.00011826
500,128,0.0,0.003,2,202,0.00013709,0.00014453,0.00015962
500,128,0.0,0.003,2,234,6.064e-05,6.962e-05,8.078e-05
500,128,0.0,0.003,2,271,4.546e-05,5.349e-05,6.233e-05
500,128,0.0,0.003,2,314,3.68e-05,4.399e-05,5.136e-05
500,128,0.0,0.003,2,364,2.804e-05,3.364e-05,3.994e-05
500,128,0.0,0.003,2,422,3.533e-05,4.127e-05,4.593e-05
500,128,0.0,0.003,2,489,1.86e-05,2.314e-05,2.708e-05
500,128,0.0,0.003,2,567,1.582e-05,2.014e-05,2.412e-05
500,128,0.0,0.003,2,657,8.087e-05,8.158e-05,8.683e-05
500,128,0.0,0.003,2,761,9.34e-06,1.295e-05,1.578e-05
500,128,0.0,0.003,2,882,7.48e-06,1.072e-05,1.293e-05
500,128,0.0,0.003,2,1023,2.359e-05,2.596e-05,2.851e-05
500,128,0.0,0.003,2,1185,1.214e-05,1.492e-05,1.683e-05
500,128,0.0,0.003,2,1373,2.7e-05,2.8e-05,3.081e-05
500,128,0.0,0.003,2,1592,2.956e-05,3.089e-05,3.314e-05
500,128,0.0,0.003,2,1844,2.99e-06,5.16e-06,6.45e-06
500,128,0.0,0.003,2,2137,4.3e-06,6.31e-06,7.8e-06
500,128,0.0,0.003,2,2477,3.88e-06,5.88e-06,7.15e-06
500,128,0.0,0.003,2,2871,1.056e-05,1.234e-05,1.389e-05
500,128,0.0,0.003,2,3327,6.15e-06,8.11e-06,9.44e-06
500,128,0.0,0.003,2,3855,3.24e-06,5.15e-06,6.35e-06
500,128,0.0,0.003,2,4468,8.28e-06,1.021e-05,1.094e-05
500,128,0.0,0.003,2,5177,6.92e-06,8.98e-06,1.008e-05
500,128,0.0,0.003,2,6000,2.17e-06,4.28e-06,5.06e-06
1000,128,0.0,0.001,2,0,0.07134051,0.06976207,0.07265072
1000,128,0.0,0.001,2,1,0.04135809,0.04032167,0.04297569
1000,128,0.0,0.001,2,2,0.03517398,0.03469286,0.03664497
1000,128,0.0,0.001,2,3,0.0328884,0.03288501,0.03446301
1000,128,0.0,0.001,2,4,0.02670466,0.02677916,0.02846763
1000,128,0.0,0.001,2,5,0.02356381,0.02340495,0.02522977
1000,128,0.0,0.001,2,6,0.02265229,0.02225395,0.02407586
1000,128,0.0,0.001,2,7,0.01994413,0.01950942,0.02125343
1000,128,0.0,0.001,2,8,0.01698068,0.01659827,0.01823447
1000,128,0.0,0.001,2,9,0.01637397,0.01599646,0.01753265
1000,128,0.0,0.001,2,11,0.015342,0.01493145,0.0164391
1000,128,0.0,0.001,2,12,0.01485348,0.0145135,0.01595521
1000,128,0.0,0.001,2,14,0.01234541,0.0121203,0.01326436
1000,128,0.0,0.001,2,16,0.01139823,0.01112531,0.01231111
1000,128,0.0,0.001,2,19,0.00963171,0.00929226,0.01004561
1000,128,0.0,0.001,2,22,0.00897465,0.0087326,0.00940702
1000,128,0.0,0.001,2,26,0.00724288,0.00703176,0.00759757
1000,128,0.0,0.001,2,30,0.0059773,0.0058355,0.00638843
1000,128,0.0,0.001,2,34,0.00468477,0.00450025,0.0049655
1000,128,0.0,0.001,2,40,0.00348035,0.00332837,0.00367783
1000,128,0.0,0.001,2,46,0.00264039,0.00248572,0.00277915
1000,128,0.0,0.001,2,54,0.0021065,0.0019691,0.00222233
1000,128,0.0,0.001,2,62,0.00162192,0.00150397,0.00171923
1000,128,0.0,0.001,2,72,0.00127202,0.00120477,0.00135901
1000,128,0.0,0.001,2,83,0.00094479,0.00090281,0.00101944
1000,128,0.0,0.001,2,97,0.00076839,0.00074245,0.00083099
1000,128,0.0,0.001,2,112,0.00049496,0.00048305,0.00054675
1000,128,0.0,0.001,2,130,0.00038365,0.00037761,0.00042797
1000,128,0.0,0.001,2,150,0.00042881,0.0004233,0.00046079
1000,128,0.0,0.001,2,174,0.00026749,0.00026605,0.00029895
1000,128,0.0,0.001,2,202,0.00017159,0.00017201,0.00019711
1000,128,0.0,0.001,2,234,0.00015006,0.00015246,0.00017314
1000,128,0.0,0.001,2,271,0.00013926,0.00014152,0.00015993
1000,128,0.0,0.001,2,314,9.728e-05,0.00010054,0.00011487
1000,128,0.0,0.001,2,364,0.0001197,0.00012295,0.00013351
1000,128,0.0,0.001,2,422,0.00010399,0.00010756,0.00011918
1000,128,0.0,0.001,2,489,0.00028178,0.00028155,0.00028892
1000,128,0.0,0.001,2,567,4.761e-05,5.13e-05,5.769e-05
1000,128,0.0,0.001,2,657,3.062e-05,3.401e-05,3.944e-05
1000,128,0.0,0.001,2,761,2.67e-05,2.94e-05,3.452e-05
1000,128,0.0,0.001,2,882,7.491e-05,7.644e-05,8.204e-05
1000,128,0.0,0.001,2,1023,1.527e-05,1.747e-05,2.11e-05
1000,128,0.0,0.001,2,1185,1.303e-05,1.532e-05,1.798e-05
1000,128,0.0,0.001,2,1373,3.216e-05,3.349e-05,3.684e-05
1000,128,0.0,0.001,2,1592,5.127e-05,5.268e-05,5.508e-05
1000,128,0.0,0.001,2,1844,5.5e-05,5.635e-05,5.813e-05
1000,128,0.0,0.001,2,2137,1.176e-05,1.309e-05,1.485e-05
1000,128,0.0,0.001,2,2477,3.056e-05,3.17e-05,3.303e-05
1000,128,0.0,0.001,2,2871,1.713e-05,1.834e-05,1.97e-05
1000,128,0.0,0.001,2,3327,2.07e-05,2.178e-05,2.336e-05
1000,128,0.0,0.001,2,3855,3.9e-06,4.63e-06,5.51e-06
1000,128,0.0,0.001,2,4468,2.95e-06,3.75e-06,4.42e-06
1000,128,0.0,0.001,2,5177,3.71e-06,4.31e-06,5.04e-06
1000,128,0.0,0.001,2,6000,1.357e-05,1.394e-05,1.48e-05
1000,128,0.0,0.003,2,0,0.07134051,0.06976207,0.07265072
1000,128,0.0,0.003,2,1,0.05828739,0.05798402,0.05907127
1000,128,0.0,0.003,2,2,0.07608503,0.07438464,0.07601073
1000,128,0.0,0.003,2,3,0.0337214,0.03293495,0.03497097
1000,128,0.0,0.003,2,4,0.02429051,0.02421523,0.02598973
1000,128,0.0,0.003,2,5,0.02722962,0.02734359,0.02863613
1000,128,0.0,0.003,2,6,0.01958886,0.01952475,0.02079981
1000,128,0.0,0.003,2,7,0.01775963,0.01749055,0.01893203
1000,128,0.0,0.003,2,8,0.02043241,0.02002499,0.02151853
1000,128,0.0,0.003,2,9,0.02007973,0.01967612,0.02109628
1000,128,0.0,0.003,2,11,0.0142718,0.01406763,0.01552014
1000,128,0.0,0.003,2,12,0.01433467,0.01410031,0.01552625
1000,128,0.0,0.003,2,14,0.01271228,0.01247474,0.01333708
1000,128,0.0,0.003,2,16,0.01047783,0.01016607,0.01080044
1000,128,0.0,0.003,2,19,0.01029393,0.01010492,0.01097262
1000,128,0.0,0.003,2,22,0.00812529,0.00795454,0.00839554
1000,128,0.0,0.003,2,26,0.00651173,0.00640045,0.00697362
1000,128,0.0,0.003,2,30,0.00462368,0.00447638,0.00486515
1000,128,0.0,0.003,2,34,0.00364894,0.00354213,0.00386033
1000,128,0.0,0.003,2,40,0.00263394,0.00254556,0.00278026
1000,128,0.0,0.003,2,46,0.00199124,0.00188715,0.00210313
1000,128,0.0,0.003,2,54,0.00141263,0.00133894,0.00148304
1000,128,0.0,0.003,2,62,0.00101027,0.0009713,0.00107085
1000,128,0.0,0.003,2,72,0.00068717,0.00066989,0.00075204
1000,128,0.0,0.003,2,83,0.00046935,0.00045581,0.00051533
1000,128,0.0,0.003,2,97,0.0003212,0.00031504,0.00036038
1000,128,0.0,0.003,2,112,0.0002324,0.00022929,0.00026521
1000,128,0.0,0.003,2,130,0.00017311,0.00017347,0.00020107
1000,128,0.0,0.003,2,150,0.00013399,0.00013591,0.00015859
1000,128,0.0,0.003,2,174,0.00010124,0.00010395,0.00012163
1000,128,0.0,0.003,2,202,0.00011152,0.00011347,0.0001277
1000,128,0.0,0.003,2,234,6.515e-05,6.798e-05,7.895e-05
1000,128,0.0,0.003,2,271,5.996e-05,6.288e-05,7.324e-05
1000,128,0.0,0.003,2,314,3.74e-05,3.984e-05,4.738e-05
1000,128,0.0,0.003,2,364,9.78e-05,9.87e-05,0.00010344
1000,128,0.0,0.003,2,422,2.616e-05,2.833e-05,3.368e-05
1000,128,0.0,0.003,2,489,2.103e-05,2.282e-05,2.695e-05
1000,128,0.0,0.003,2,567,4.14e-05,4.265e-05,4.607e-05
1000,128,0.0,0.003,2,657,1.304e-05,1.479e-05,1.754e-05
1000,128,0.0,0.003,2,761,1.435e-05,1.562e-05,1.839e-05
1000,128,0.0,0.003,2,882,3.921e-05,4.021e-05,4.332e-05
1000,128,0.0,0.003,2,1023,9.811e-05,9.759e-05,0.00010284
1000,128,0.0,0.003,2,1185,7.97e-06,9.22e-06,1.077e-05
1000,128,0.0,0.003,2,1373,8.33e-06,9.24e-06,1.095e-05
1000,128,0.0,0.003,2,1592,8.35e-06,9.28e-06,1.095e-05
1000,128,0.0,0.003,2,1844,5.71e-06,6.57e-06,8.03e-06
1000,128,0.0,0.003,2,2137,1.946e-05,2.041e-05,2.126e-05
1000,128,0.0,0.003,2,2477,2.7e-06,3.62e-06,4.79e-06
1000,128,0.0,0.003,2,2871,4.32e-06,5.15e-06,6.17e-06
1000,128,0.0,0.003,2,3327,1.873e-05,1.942e-05,2.063e-05
1000,128,0.0,0.003,2,3855,4.37e-06,5.2e-06,6.17e-06
1000,128,0.0,0.003,2,4468,1.552e-05,1.628e-05,1.702e-05
1000,128,0.0,0.003,2,5177,3.59e-06,4.62e-06,5.3e-06
1000,128,0.0,0.003,2,6000,7.37e-06,8.27e-06,8.9e-06
2000,128,0.0,0.001,2,0,0.07056151,0.06976207,0.07265072
2000,128,0.0,0.001,2,1,0.0411045,0.04036868,0.04302322
2000,128,0.0,0.001,2,2,0.03552488,0.03488144,0.0368083
2000,128,0.0,0.001,2,3,0.03310506,0.03275546,0.03432452
2000,128,0.0,0.001,2,4,0.02667798,0.02645427,0.02813508
2000,128,0.0,0.001,2,5,0.02358538,0.02322859,0.02504978
2000,128,0.0,0.001,2,6,0.02268106,0.02217989,0.02399497
2000,128,0.0,0.001,2,7,0.02006787,0.01955799,0.02128906
2000,128,0.0,0.001,2,8,0.01705572,0.01659755,0.01821526
2000,128,0.0,0.001,2,9,0.01633555,0.01587641,0.01739607
2000,128,0.0,0.001,2,11,0.01557287,0.01506777,0.01658967
2000,128,0.0,0.001,2,12,0.01496125,0.01450879,0.0159669
2000,128,0.0,0.001,2,14,0.01241682,0.01206427,0.01318745
2000,128,0.0,0.001,2,16,0.0114174,0.01110619,0.01231219
2000,128,0.0,0.001,2,19,0.00965948,0.00940421,0.01014079
2000,128,0.0,0.001,2,22,0.00893016,0.00873959,0.00940331
2000,128,0.0,0.001,2,26,0.00712001,0.0069897,0.00754337
2000,128,0.0,0.001,2,30,0.0060048,0.00587709,0.00641744
2000,128,0.0,0.001,2,34,0.00470097,0.00457133,0.0050273
2000,128,0.0,0.001,2,40,0.00340306,0.00330629,0.00365249
2000,128,0.0,0.001,2,46,0.00263271,0.002523,0.00280935
2000,128,0.0,0.001,2,54,0.00210585,0.00199387,0.00224011
2000,128,0.0,0.001,2,62,0.00164969,0.00156211,0.00175593
2000,128,0.0,0.001,2,72,0.00125265,0.00119641,0.00134244
2000,128,0.0,0.001,2,83,0.00093978,0.00090508,0.0010164
2000,128,0.0,0.001,2,97,0.00067626,0.00065472,0.00073506
2000,128,0.0,0.001,2,112,0.00051592,0.00050482,0.00056278
2000,128,0.0,0.001,2,130,0.0003701,0.00036667,0.00040973
2000,128,0.0,0.001,2,150,0.00041488,0.00040767,0.00044696
2000,128,0.0,0.001,2,174,0.00023218,0.00022926,0.00025674
2000,128,0.0,0.001,2,202,0.00030043,0.00030591,0.00032565
2000,128,0.0,0.001,2,234,0.00015771,0.00016035,0.00017699
2000,128,0.0,0.001,2,271,0.00018757,0.00018368,0.00020293
2000,128,0.0,0.001,2,314,0.0001121,0.0001151,0.00012637
2000,128,0.0,0.001,2,364,0.00013079,0.00012913,0.00014263
2000,128,0.0,0.001,2,422,8.238e-05,8.475e-05,9.25e-05
2000,128,0.0,0.001,2,489,5.027e-05,5.152e-05,5.929e-05
2000,128,0.0,0.001,2,567,3.699e-05,3.825e-05,4.431e-05
2000,128,0.0,0.001,2,657,4.718e-05,4.765e-05,5.305e-05
2000,128,0.0,0.001,2,761,2.822e-05,2.884e-05,3.373e-05
2000,128,0.0,0.001,2,882,2.164e-05,2.242e-05,2.608e-05
2000,128,0.0,0.001,2,1023,7.58e-05,7.486e-05,8.032e-05
2000,128,0.0,0.001,2,1185,2.618e-05,2.652e-05,2.95e-05
2000,128,0.0,0.001,2,1373,1.172e-05,1.239e-05,1.444e-05
2000,128,0.0,0.001,2,1592,1.189e-05,1.3e-05,1.44e-05
2000,128,0.0,0.001,2,1844,1.231e-05,1.294e-05,1.451e-05
2000,128,0.0,0.001,2,2137,7.01e-06,7.79e-06,8.9e-06
2000,128,0.0,0.001,2,2477,1.084e-05,1.118e-05,1.256e-05
2000,128,0.0,0.001,2,2871,5.33e-06,5.73e-06,6.72e-06
2000,128,0.0,0.001,2,3327,3.8e-06,4.26e-06,5.06e-06
2000,128,0.0,0.001,2,3855,3.63e-06,4.08e-06,4.72e-06
2000,128,0.0,0.001,2,4468,6.7e-05,6.649e-05,6.851e-05
2000,128,0.0,0.001,2,5177,5.71e-06,5.89e-06,6.49e-06
2000,128,0.0,0.001,2,6000,6.49e-06,6.85e-06,7.19e-06
2000,128,0.0,0.003,2,0,0.07056151,0.06976207,0.07265072
2000,128,0.0,0.003,2,1,0.05967807,0.05876074,0.05976859
2000,128,0.0,0.003,2,2,0.07584731,0.07438501,0.07608397
2000,128,0.0,0.003,2,3,0.03429241,0.03349544,0.03559121
2000,128,0.0,0.003,2,4,0.02456187,0.02425466,0.02604736
2000,128,0.0,0.003,2,5,0.02728325,0.02716898,0.02841973
2000,128,0.0,0.003,2,6,0.02009688,0.01994642,0.02115462
2000,128,0.0,0.003,2,7,0.0180866,0.01781458,0.01920086
2000,128,0.0,0.003,2,8,0.02039857,0.02000757,0.02146933
2000,128,0.0,0.003,2,9,0.02020046,0.01978493,0.02119519
2000,128,0.0,0.003,2,11,0.01464615,0.01429108,0.01575186
2000,128,0.0,0.003,2,12,0.01445906,0.01408809,0.01552774
2000,128,0.0,0.003,2,14,0.01299315,0.01276944,0.0135903
2000,128,0.0,0.003,2,16,0.01059475,0.01035304,0.0109369
2000,128,0.0,0.003,2,19,0.01057166,0.01034079,0.01120063
2000,128,0.0,0.003,2,22,0.00808153,0.00795914,0.00841088
2000,128,0.0,0.003,2,26,0.00642353,0.00631964,0.00686971
2000,128,0.0,0.003,2,30,0.00468237,0.00455524,0.00496414
2000,128,0.0,0.003,2,34,0.00370437,0.00365433,0.00392802
2000,128,0.0,0.003,2,40,0.00265583,0.0026081,0.00285963
2000,128,0.0,0.003,2,46,0.00197543,0.00188929,0.0021148
2000,128,0.0,0.003,2,54,0.00141237,0.00135724,0.00151736
2000,128,0.0,0.003,2,62,0.00104729,0.001018,0.00112805
2000,128,0.0,0.003,2,72,0.0007175,0.00070904,0.00078734
2000,128,0.0,0.003,2,83,0.00048757,0.00047636,0.00053838
2000,128,0.0,0.003,2,97,0.00033255,0.00032602,0.00037063
2000,128,0.0,0.003,2,112,0.00023934,0.00023675,0.00026895
2000,128,0.0,0.003,2,130,0.00018229,0.00018058,0.00020576
2000,128,0.0,0.003,2,150,0.00014211,0.00014156,0.00016177
2000,128,0.0,0.003,2,174,0.00011449,0.00011407,0.0001299
2000,128,0.0,0.003,2,202,0.0001111,0.00011219,0.00012548
2000,128,0.0,0.003,2,234,7.119e-05,7.265e-05,8.107e-05
2000,128,0.0,0.003,2,271,0.00016518,0.00016287,0.00017444
2000,128,0.0,0.003,2,314,3.934e-05,4.058e-05,4.664e-05
2000,128,0.0,0.003,2,364,3.852e-05,3.925e-05,4.463e-05
2000,128,0.0,0.003,2,422,2.764e-05,2.821e-05,3.28e-05
2000,128,0.0,0.003,2,489,2.115e-05,2.173e-05,2.563e-05
2000,128,0.0,0.003,2,567,1.731e-05,1.811e-05,2.103e-05
2000,128,0.0,0.003,2,657,2.544e-05,2.636e-05,2.932e-05
2000,128,0.0,0.003,2,761,0.00012549,0.00012575,0.00012805
2000,128,0.0,0.003,2,882,1.139e-05,1.185e-05,1.391e-05
2000,128,0.0,0.003,2,1023,3.765e-05,3.704e-05,4.027e-05
2000,128,0.0,0.003,2,1185,2.599e-05,2.6e-05,2.842e-05
2000,128,0.0,0.003,2,1373,1.553e-05,1.594e-05,1.72e-05
2000,128,0.0,0.003,2,1592,7.09e-06,7.69e-06,8.67e-06
2000,128,0.0,0.003,2,1844,1.516e-05,1.58e-05,1.648e-05
2000,128,0.0,0.003,2,2137,1.042e-05,1.099e-05,1.167e-05
2000,128,0.0,0.003,2,2477,3.69e-06,4.02e-06,4.99e-06
2000,128,0.0,0.003,2,2871,7.73e-06,7.8e-06,8.93e-06
2000,128,0.0,0.003,2,3327,4.57e-06,5.08e-06,5.78e-06
2000,128,0.0,0.003,2,3855,3.377e-05,3.451e-05,3.481e-05
2000,128,0.0,0.003,2,4468,6.63e-06,6.94e-06,7.66e-06
2000,128,0.0,0.003,2,5177,5.9e-06,6.46e-06,6.97e-06
2000,128,0.0,0.003,2,6000,7.38e-06,8.06e-06,8.45e-06
5000,128,0.0,0.001,2,0,0.07279071,0.06976207,0.07265072
5000,128,0.0,0.001,2,1,0.0424801,0.0403549,0.04297311
5000,128,0.0,0.001,2,2,0.03692529,0.03564896,0.03754012
5000,128,0.0,0.001,2,3,0.03430119,0.0333853,0.03495259
5000,128,0.0,0.001,2,4,0.02761008,0.02661592,0.0282867
5000,128,0.0,0.001,2,5,0.0246734,0.0234507,0.02520262
5000,128,0.0,0.001,2,6,0.02373531,0.02237292,0.02411094
5000,128,0.0,0.001,2,7,0.02102401,0.01971859,0.02139562
5000,128,0.0,0.001,2,8,0.01755378,0.01641683,0.01801672
5000,128,0.0,0.001,2,9,0.01663685,0.01563637,0.01714381
5000,128,0.0,0.001,2,11,0.01605558,0.01509102,0.0165205
5000,128,0.0,0.001,2,12,0.01537262,0.01443038,0.01579354
5000,128,0.0,0.001,2,14,0.01314969,0.01235161,0.01343384
5000,128,0.0,0.001,2,16,0.01168024,0.01091527,0.01210408
5000,128,0.0,0.001,2,19,0.00971661,0.00921262,0.00992414
5000,128,0.0,0.001,2,22,0.00906558,0.00864899,0.00927367
5000,128,0.0,0.001,2,26,0.00727091,0.00695409,0.00750731
5000,128,0.0,0.001,2,30,0.00635883,0.00611973,0.00668225
5000,128,0.0,0.001,2,34,0.00492062,0.00470394,0.00511169
5000,128,0.0,0.001,2,40,0.00361099,0.00344335,0.00375868
5000,128,0.0,0.001,2,46,0.00271467,0.00253792,0.00283502
5000,128,0.0,0.001,2,54,0.00211484,0.00197616,0.0022217
5000,128,0.0,0.001,2,62,0.00168793,0.00157796,0.00176623
5000,128,0.0,0.001,2,72,0.00126138,0.00117266,0.00131506
5000,128,0.0,0.001,2,83,0.00096941,0.00090628,0.0010105
5000,128,0.0,0.001,2,97,0.00070594,0.00066158,0.00074303
5000,128,0.0,0.001,2,112,0.00056879,0.00053545,0.00058985
5000,128,0.0,0.001,2,130,0.00044313,0.00041819,0.00045917
5000,128,0.0,0.001,2,150,0.00028134,0.00026119,0.00029802
5000,128,0.0,0.001,2,174,0.00044405,0.00042964,0.00045164
5000,128,0.0,0.001,2,202,0.00025639,0.00024459,0.0002679
5000,128,0.0,0.001,2,234,0.00014498,0.00013617,0.00015526
5000,128,0.0,0.001,2,271,0.00013738,0.00013139,0.0001455
5000,128,0.0,0.001,2,314,0.00012938,0.00012293,0.00013618
5000,128,0.0,0.001,2,364,0.00020669,0.00020457,0.00021284
5000,128,0.0,0.001,2,422,6.494e-05,6.23e-05,7.035e-05
5000,128,0.0,0.001,2,489,6.58e-05,6.32e-05,7.021e-05
5000,128,0.0,0.001,2,567,4.052e-05,3.898e-05,4.423e-05
5000,128,0.0,0.001,2,657,5.737e-05,5.528e-05,6.037e-05
5000,128,0.0,0.001,2,761,9.916e-05,9.633e-05,0.00010234
5000,128,0.0,0.001,2,882,2.541e-05,2.436e-05,2.779e-05
5000,128,0.0,0.001,2,1023,0.00010116,0.00010074,0.00010281
5000,128,0.0,0.001,2,1185,2.778e-05,2.772e-05,2.921e-05
5000,128,0.0,0.001,2,1373,1.458e-05,1.422e-05,1.604e-05
5000,128,0.0,0.001,2,1592,1.667e-05,1.602e-05,1.824e-05
5000,128,0.0,0.001,2,1844,2.089e-05,2.08e-05,2.205e-05
5000,128,0.0,0.001,2,2137,2.671e-05,2.644e-05,2.803e-05
5000,128,0.0,0.001,2,2477,5.8e-06,5.65e-06,6.73e-06
5000,128,0.0,0.001,2,2871,4.62e-05,4.577e-05,4.705e-05
5000,128,0.0,0.001,2,3327,1.36e-05,1.31e-05,1.43e-05
5000,128,0.0,0.001,2,3855,2.844e-05,2.821e-05,2.894e-05
5000,128,0.0,0.001,2,4468,1.373e-05,1.325e-05,1.411e-05
5000,128,0.0,0.001,2,5177,6.3e-06,6.23e-06,6.77e-06
5000,128,0.0,0.001,2,6000,8.11e-06,8.01e-06,8.44e-06
5000,128,0.0,0.003,2,0,0.07279071,0.06976207,0.07265072
5000,128,0.0,0.003,2,1,0.0586651,0.05797937,0.05896816
5000,128,0.0,0.003,2,2,0.07775126,0.07497441,0.07642253
5000,128,0.0,0.003,2,3,0.03367491,0.03184289,0.03378451
5000,128,0.0,0.003,2,4,0.02541077,0.02444547,0.02615796
5000,128,0.0,0.003,2,5,0.02860205,0.02802906,0.02920465
5000,128,0.0,0.003,2,6,0.02005207,0.0193731,0.02055994
5000,128,0.0,0.003,2,7,0.01858552,0.01757862,0.0189601
5000,128,0.0,0.003,2,8,0.02116171,0.01993596,0.02135416
5000,128,0.0,0.003,2,9,0.02046777,0.01926358,0.0205856
5000,128,0.0,0.003,2,11,0.01462252,0.01372238,0.01506422
5000,128,0.0,0.003,2,12,0.0139514,0.01320723,0.01447697
5000,128,0.0,0.003,2,14,0.01329671,0.01286055,0.01365387
5000,128,0.0,0.003,2,16,0.01024466,0.00974672,0.01036202
5000,128,0.0,0.003,2,19,0.01023321,0.00971464,0.01045528
5000,128,0.0,0.003,2,22,0.00814175,0.00799181,0.00840979
5000,128,0.0,0.003,2,26,0.00653739,0.00624037,0.00678998
5000,128,0.0,0.003,2,30,0.00466571,0.00451905,0.0048645
5000,128,0.0,0.003,2,34,0.00355184,0.00340628,0.00367836
5000,128,0.0,0.003,2,40,0.00273128,0.00263198,0.0028497
5000,128,0.0,0.003,2,46,0.00201234,0.00189069,0.00209613
5000,128,0.0,0.003,2,54,0.00142842,0.00134387,0.00148377
5000,128,0.0,0.003,2,62,0.0010234,0.00097004,0.00105934
5000,128,0.0,0.003,2,72,0.00070924,0.00066921,0.00074263
5000,128,0.0,0.003,2,83,0.00048885,0.00045749,0.00051359
5000,128,0.0,0.003,2,97,0.00033829,0.00031833,0.00035793
5000,128,0.0,0.003,2,112,0.00024554,0.00022977,0.00026199
5000,128,0.0,0.003,2,130,0.00018336,0.0001726,0.0001963
5000,128,0.0,0.003,2,150,0.00013802,0.00012842,0.0001482
5000,128,0.0,0.003,2,174,0.00013187,0.00012536,0.00014
5000,128,0.0,0.003,2,202,8.895e-05,8.479e-05,9.573e-05
5000,128,0.0,0.003,2,234,6.41e-05,6.058e-05,6.958e-05
5000,128,0.0,0.003,2,271,4.816e-05,4.568e-05,5.268e-05
5000,128,0.0,0.003,2,314,4.506e-05,4.294e-05,4.904e-05
5000,128,0.0,0.003,2,364,2.982e-05,2.812e-05,3.318e-05
5000,128,0.0,0.003,2,422,2.363e-05,2.243e-05,2.658e-05
5000,128,0.0,0.003,2,489,3.071e-05,2.905e-05,3.346e-05
5000,128,0.0,0.003,2,567,1.536e-05,1.456e-05,1.728e-05
5000,128,0.0,0.003,2,657,1.248e-05,1.186e-05,1.423e-05
5000,128,0.0,0.003,2,761,1.115e-05,1.069e-05,1.247e-05
5000,128,0.0,0.003,2,882,9.31e-06,8.92e-06,1.052e-05
5000,128,0.0,0.003,2,1023,8.27e-06,7.99e-06,9.41e-06
5000,128,0.0,0.003,2,1185,6.809e-05,6.698e-05,6.839e-05
5000,128,0.0,0.003,2,1373,1.892e-05,1.843e-05,1.985e-05
5000,128,0.0,0.003,2,1592,9.07e-06,8.71e-06,1.016e-05
5000,128,0.0,0.003,2,1844,2.448e-05,2.384e-05,2.552e-05
5000,128,0.0,0.003,2,2137,2.641e-05,2.593e-05,2.697e-05
5000,128,0.0,0.003,2,2477,4.25e-06,4.22e-06,4.85e-06
5000,128,0.0,0.003,2,2871,8.17e-06,7.94e-06,8.92e-06
5000,128,0.0,0.003,2,3327,9.212e-05,8.942e-05,9.304e-05
5000,128,0.0,0.003,2,3855,4.33e-06,4.33e-06,4.94e-06
5000,128,0.0,0.003,2,4468,3.55e-06,3.6e-06,4.08e-06
5000,128,0.0,0.003,2,5177,5.8e-06,5.81e-06,6.29e-06
5000,128,0.0,0.003,2,6000,4.814e-05,4.674e-05,4.835e-05
10000,128,0.0,0.001,2,0,0.07284099,0.06976207,0.07265072
10000,128,0.0,0.001,2,1,0.04289525,0.04040169,0.04302727
10000,128,0.0,0.001,2,2,0.03713221,0.03532995,0.03724046
10000,128,0.0,0.001,2,3,0.03539138,0.03397015,0.03549193
10000,128,0.0,0.001,2,4,0.02865763,0.02723016,0.02882801
10000,128,0.0,0.001,2,5,0.02477014,0.02320079,0.02491472
10000,128,0.0,0.001,2,6,0.02370032,0.02206663,0.02377891
10000,128,0.0,0.001,2,7,0.02120075,0.0196301,0.02127713
10000,128,0.0,0.001,2,8,0.01786215,0.01642288,0.01799357
10000,128,0.0,0.001,2,9,0.01702256,0.01568378,0.0171914
10000,128,0.0,0.001,2,11,0.01601303,0.01478604,0.01618015
10000,128,0.0,0.001,2,12,0.01580805,0.01464855,0.01595233
10000,128,0.0,0.001,2,14,0.01318354,0.01219094,0.01326997
10000,128,0.0,0.001,2,16,0.01195659,0.0109796,0.01214228
10000,128,0.0,0.001,2,19,0.01000066,0.0092674,0.00994478
10000,128,0.0,0.001,2,22,0.00920542,0.00862663,0.00921314
10000,128,0.0,0.001,2,26,0.00742483,0.00693579,0.00742998
10000,128,0.0,0.001,2,30,0.0062982,0.00587153,0.00645509
10000,128,0.0,0.001,2,34,0.00487095,0.0045094,0.00492381
10000,128,0.0,0.001,2,40,0.00365926,0.00338389,0.00369658
10000,128,0.0,0.001,2,46,0.00275618,0.00250039,0.00279566
10000,128,0.0,0.001,2,54,0.00217798,0.00196853,0.00222448
10000,128,0.0,0.001,2,62,0.00169116,0.00153253,0.00171858
10000,128,0.0,0.001,2,72,0.00127198,0.00114723,0.00128595
10000,128,0.0,0.001,2,83,0.00099766,0.00090319,0.00100553
10000,128,0.0,0.001,2,97,0.00075083,0.00067771,0.00075241
10000,128,0.0,0.001,2,112,0.0005102,0.00045779,0.0005129
10000,128,0.0,0.001,2,130,0.00092916,0.00088526,0.00093974
10000,128,0.0,0.001,2,150,0.00030337,0.0002732,0.00030925
10000,128,0.0,0.001,2,174,0.0002857,0.00026026,0.00028587
10000,128,0.0,0.001,2,202,0.00024512,0.00022306,0.00024495
10000,128,0.0,0.001,2,234,0.0001545,0.00013937,0.00015514
10000,128,0.0,0.001,2,271,0.0001249,0.00011173,0.00012578
10000,128,0.0,0.001,2,314,0.00016188,0.00015235,0.00016264
10000,128,0.0,0.001,2,364,7.995e-05,7.212e-05,8.093e-05
10000,128,0.0,0.001,2,422,6.974e-05,6.346e-05,7.06e-05
10000,128,0.0,0.001,2,489,6.577e-05,6.062e-05,6.638e-05
10000,128,0.0,0.001,2,567,6.737e-05,6.247e-05,6.841e-05
10000,128,0.0,0.001,2,657,0.0001138,0.00010897,0.00011436
10000,128,0.0,0.001,2,761,5.385e-05,5.085e-05,5.401e-05
10000,128,0.0,0.001,2,882,2.149e-05,1.961e-05,2.197e-05
10000,128,0.0,0.001,2,1023,2.713e-05,2.482e-05,2.806e-05
10000,128,0.0,0.001,2,1185,0.00016518,0.0001626,0.00016435
10000,128,0.0,0.001,2,1373,2.225e-05,2.083e-05,2.275e-05
10000,128,0.0,0.001,2,1592,1.29e-05,1.188e-05,1.33e-05
10000,128,0.0,0.001,2,1844,1.464e-05,1.379e-05,1.519e-05
10000,128,0.0,0.001,2,2137,1.415e-05,1.313e-05,1.474e-05
10000,128,0.0,0.001,2,2477,1.084e-05,1.03e-05,1.114e-05
10000,128,0.0,0.001,2,2871,2.807e-05,2.68e-05,2.863e-05
10000,128,0.0,0.001,2,3327,1.754e-05,1.691e-05,1.772e-05
10000,128,0.0,0.001,2,3855,1.276e-05,1.227e-05,1.294e-05
10000,128,0.0,0.001,2,4468,7.4e-06,6.93e-06,7.66e-06
10000,128,0.0,0.001,2,5177,1.086e-05,1.038e-05,1.11e-05
10000,128,0.0,0.001,2,6000,1.811e-05,1.757e-05,1.818e-05
10000,128,0.0,0.003,2,0,0.07284099,0.06976207,0.07265072
10000,128,0.0,0.003,2,1,0.06008057,0.05883019,0.05980134
10000,128,0.0,0.003,2,2,0.07694874,0.07431362,0.07595428
10000,128,0.0,0.003,2,3,0.03416968,0.03205106,0.03406334
10000,128,0.0,0.003,2,4,0.02679683,0.0254232,0.02706251
10000,128,0.0,0.003,2,5,0.02859343,0.02765915,0.02874193
10000,128,0.0,0.003,2,6,0.02016828,0.01907936,0.0202666
10000,128,0.0,0.003,2,7,0.01895018,0.01752956,0.01901631
10000,128,0.0,0.003,2,8,0.02162568,0.02008141,0.02161312
10000,128,0.0,0.003,2,9,0.02049341,0.01902853,0.02043555
10000,128,0.0,0.003,2,11,0.01489699,0.01366114,0.01501372
10000,128,0.0,0.003,2,12,0.0148887,0.01380925,0.01510606
10000,128,0.0,0.003,2,14,0.01295127,0.012263,0.01305734
10000,128,0.0,0.003,2,16,0.01051725,0.00978323,0.01040703
10000,128,0.0,0.003,2,19,0.01042108,0.00963649,0.01036997
10000,128,0.0,0.003,2,22,0.00841649,0.00808027,0.00850301
10000,128,0.0,0.003,2,26,0.00676353,0.00629492,0.00680149
10000,128,0.0,0.003,2,30,0.00482109,0.00455301,0.00491504
10000,128,0.0,0.003,2,34,0.00391253,0.00362854,0.00392079
10000,128,0.0,0.003,2,40,0.0026426,0.0024584,0.00266448
10000,128,0.0,0.003,2,46,0.00197932,0.00181446,0.00200929
10000,128,0.0,0.003,2,54,0.00140524,0.00127655,0.00141289
10000,128,0.0,0.003,2,62,0.00104472,0.00094503,0.00104146
10000,128,0.0,0.003,2,72,0.00070147,0.00063242,0.0007021
10000,128,0.0,0.003,2,83,0.00048824,0.00043725,0.00049063
10000,128,0.0,0.003,2,97,0.00033907,0.00030296,0.00034266
10000,128,0.0,0.003,2,112,0.00024968,0.00022102,0.00025322
10000,128,0.0,0.003,2,130,0.00018057,0.00015978,0.00018338
10000,128,0.0,0.003,2,150,0.00013465,0.00011941,0.000137
10000,128,0.0,0.003,2,174,0.00010874,9.745e-05,0.00011004
10000,128,0.0,0.003,2,202,7.741e-05,6.873e-05,7.878e-05
10000,128,0.0,0.003,2,234,8.283e-05,7.526e-05,8.339e-05
10000,128,0.0,0.003,2,271,5.109e-05,4.554e-05,5.23e-05
10000,128,0.0,0.003,2,314,5.645e-05,5.23e-05,5.673e-05
10000,128,0.0,0.003,2,364,3.738e-05,3.409e-05,3.813e-05
10000,128,0.0,0.003,2,422,3.146e-05,2.872e-05,3.196e-05
10000,128,0.0,0.003,2,489,2.048e-05,1.806e-05,2.104e-05
10000,128,0.0,0.003,2,567,1.55e-05,1.372e-05,1.606e-05
10000,128,0.0,0.003,2,657,1.331e-05,1.188e-05,1.375e-05
10000,128,0.0,0.003,2,761,1.581e-05,1.451e-05,1.644e-05
10000,128,0.0,0.003,2,882,1.401e-05,1.282e-05,1.459e-05
10000,128,0.0,0.003,2,1023,9.36e-06,8.6e-06,9.6e-06
10000,128,0.0,0.003,2,1185,8.62e-06,7.88e-06,8.82e-06
10000,128,0.0,0.003,2,1373,1.18e-05,1.107e-05,1.223e-05
10000,128,0.0,0.003,2,1592,7.16e-06,6.52e-06,7.58e-06
10000,128,0.0,0.003,2,1844,4.17e-06,3.73e-06,4.41e-06
10000,128,0.0,0.003,2,2137,1.425e-05,1.378e-05,1.43e-05
10000,128,0.0,0.003,2,2477,1.927e-05,1.87e-05,1.961e-05
10000,128,0.0,0.003,2,2871,1.299e-05,1.246e-05,1.331e-05
10000,128,0.0,0.003,2,3327,0.00017305,0.00016732,0.00017387
10000,128,0.0,0.003,2,3855,3.036e-05,2.913e-05,3.022e-05
10000,128,0.0,0.003,2,4468,8.4e-06,7.78e-06,8.59e-06
10000,128,0.0,0.003,2,5177,7.8e-06,7.28e-06,7.86e-06
10000,128,0.0,0.003,2,6000,4.59e-06,4.43e-06,4.71e-06
20000,128,0.0,0.001,2,0,0.07266416,0.06976207,0.07265072
20000,128,0.0,0.001,2,1,0.04287365,0.04031808,0.04292941
20000,128,0.0,0.001,2,2,0.03703011,0.0350441,0.03691632
20000,128,0.0,0.001,2,3,0.03441673,0.03283806,0.03436543
20000,128,0.0,0.001,2,4,0.02789626,0.02637635,0.02799278
20000,128,0.0,0.001,2,5,0.02463496,0.02303851,0.02476096
20000,128,0.0,0.001,2,6,0.02361789,0.02199918,0.02372103
20000,128,0.0,0.001,2,7,0.02095668,0.01941134,0.02107504
20000,128,0.0,0.001,2,8,0.01785245,0.01639936,0.01798621
20000,128,0.0,0.001,2,9,0.01711111,0.01571706,0.0172048
20000,128,0.0,0.001,2,11,0.01622735,0.01487709,0.01628557
20000,128,0.0,0.001,2,12,0.01567808,0.01442671,0.01575201
20000,128,0.0,0.001,2,14,0.01301887,0.01197616,0.01304332
20000,128,0.0,0.001,2,16,0.01204762,0.01098186,0.01214053
20000,128,0.0,0.001,2,19,0.00987547,0.00911841,0.00980105
20000,128,0.0,0.001,2,22,0.00914001,0.00848703,0.00906128
20000,128,0.0,0.001,2,26,0.0075204,0.00695389,0.00747635
20000,128,0.0,0.001,2,30,0.00629513,0.00578588,0.00631776
20000,128,0.0,0.001,2,34,0.00482133,0.00441452,0.00480762
20000,128,0.0,0.001,2,40,0.00364033,0.00331852,0.00364384
20000,128,0.0,0.001,2,46,0.00268784,0.00241813,0.00268876
20000,128,0.0,0.001,2,54,0.00212481,0.00191907,0.00215651
20000,128,0.0,0.001,2,62,0.00170691,0.00153324,0.0017287
20000,128,0.0,0.001,2,72,0.00132464,0.00119458,0.00132916
20000,128,0.0,0.001,2,83,0.00102218,0.00092022,0.00101869
20000,128,0.0,0.001,2,97,0.00076321,0.00068935,0.00076729
20000,128,0.0,0.001,2,112,0.00052636,0.00047326,0.00052595
20000,128,0.0,0.001,2,130,0.00038162,0.00033993,0.0003792
20000,128,0.0,0.001,2,150,0.00059742,0.00056302,0.00060291
20000,128,0.0,0.001,2,174,0.00024127,0.00021543,0.00024071
20000,128,0.0,0.001,2,202,0.00019007,0.00016882,0.00019094
20000,128,0.0,0.001,2,234,0.00027429,0.0002522,0.00027378
20000,128,0.0,0.001,2,271,0.00012418,0.00010926,0.00012399
20000,128,0.0,0.001,2,314,9.844e-05,8.659e-05,9.806e-05
20000,128,0.0,0.001,2,364,0.00010059,9.087e-05,9.933e-05
20000,128,0.0,0.001,2,422,6.943e-05,6.153e-05,6.937e-05
20000,128,0.0,0.001,2,489,7.968e-05,7.226e-05,7.962e-05
20000,128,0.0,0.001,2,567,6.238e-05,5.724e-05,6.143e-05
20000,128,0.0,0.001,2,657,3.347e-05,2.902e-05,3.352e-05
20000,128,0.0,0.001,2,761,0.00016155,0.00015601,0.00016178
20000,128,0.0,0.001,2,882,2.524e-05,2.264e-05,2.509e-05
20000,128,0.0,0.001,2,1023,2.363e-05,2.102e-05,2.383e-05
20000,128,0.0,0.001,2,1185,5.558e-05,5.267e-05,5.657e-05
20000,128,0.0,0.001,2,1373,2.53e-05,2.384e-05,2.54e-05
20000,128,0.0,0.001,2,1592,1.172e-05,1.059e-05,1.198e-05
20000,128,0.0,0.001,2,1844,1.968e-05,1.855e-05,1.997e-05
20000,128,0.0,0.001,2,2137,4.022e-05,3.853e-05,4.097e-05
20000,128,0.0,0.001,2,2477,7.04e-06,6.36e-06,7.21e-06
20000,128,0.0,0.001,2,2871,5.373e-05,5.145e-05,5.46e-05
20000,128,0.0,0.001,2,3327,4.102e-05,3.973e-05,4.144e-05
20000,128,0.0,0.001,2,3855,9.26e-06,8.73e-06,9.36e-06
20000,128,0.0,0.001,2,4468,4.18e-06,3.85e-06,4.29e-06
20000,128,0.0,0.001,2,5177,3.98e-06,3.63e-06,4.07e-06
20000,128,0.0,0.001,2,6000,6.317e-05,6.1e-05,6.33e-05
20000,128,0.0,0.003,2,0,0.07266416,0.06976207,0.07265072
20000,128,0.0,0.003,2,1,0.05966005,0.05805076,0.05906883
20000,128,0.0,0.003,2,2,0.07572303,0.07335889,0.07485719
20000,128,0.0,0.003,2,3,0.03575952,0.03373646,0.03565075
20000,128,0.0,0.003,2,4,0.02503172,0.02351328,0.02526917
20000,128,0.0,0.003,2,5,0.02817086,0.02703231,0.02828124
20000,128,0.0,0.003,2,6,0.02085418,0.01968681,0.02087775
20000,128,0.0,0.003,2,7,0.01871944,0.01736682,0.01875576
20000,128,0.0,0.003,2,8,0.02144439,0.020002,0.02147499
20000,128,0.0,0.003,2,9,0.02078927,0.01941164,0.02080324
20000,128,0.0,0.003,2,11,0.01491242,0.01361357,0.01498861
20000,128,0.0,0.003,2,12,0.01484248,0.01361162,0.01490431
20000,128,0.0,0.003,2,14,0.01333354,0.01254691,0.01327621
20000,128,0.0,0.003,2,16,0.01061979,0.0099007,0.01045777
20000,128,0.0,0.003,2,19,0.01045038,0.00962035,0.01039585
20000,128,0.0,0.003,2,22,0.00851581,0.00809789,0.00848849
20000,128,0.0,0.003,2,26,0.00668929,0.00614162,0.00667639
20000,128,0.0,0.003,2,30,0.00472128,0.00439943,0.00473298
20000,128,0.0,0.003,2,34,0.00362141,0.00336503,0.00362857
20000,128,0.0,0.003,2,40,0.00268042,0.00249309,0.0026953
20000,128,0.0,0.003,2,46,0.00199407,0.00181024,0.00200638
20000,128,0.0,0.003,2,54,0.00144438,0.00130973,0.00144283
20000,128,0.0,0.003,2,62,0.00101629,0.00091812,0.00100678
20000,128,0.0,0.003,2,72,0.00071226,0.00064033,0.00071202
20000,128,0.0,0.003,2,83,0.00048196,0.00042925,0.00048117
20000,128,0.0,0.003,2,97,0.00033661,0.00029876,0.00033662
20000,128,0.0,0.003,2,112,0.00025117,0.00022032,0.00025058
20000,128,0.0,0.003,2,130,0.00018517,0.00016156,0.00018434
20000,128,0.0,0.003,2,150,0.0001492,0.00013111,0.00014853
20000,128,0.0,0.003,2,174,0.00010551,9.085e-05,0.00010465
20000,128,0.0,0.003,2,202,0.00010571,9.202e-05,0.00010482
20000,128,0.0,0.003,2,234,7.487e-05,6.573e-05,7.453e-05
20000,128,0.0,0.003,2,271,5.495e-05,4.822e-05,5.478e-05
20000,128,0.0,0.003,2,314,9.664e-05,9.04e-05,9.718e-05
20000,128,0.0,0.003,2,364,3.381e-05,2.956e-05,3.332e-05
20000,128,0.0,0.003,2,422,2.693e-05,2.35e-05,2.665e-05
20000,128,0.0,0.003,2,489,7.521e-05,7.081e-05,7.51e-05
20000,128,0.0,0.003,2,567,2.432e-05,2.173e-05,2.379e-05
20000,128,0.0,0.003,2,657,1.765e-05,1.539e-05,1.768e-05
20000,128,0.0,0.003,2,761,1.368e-05,1.192e-05,1.395e-05
20000,128,0.0,0.003,2,882,1.011e-05,8.65e-06,1.01e-05
20000,128,0.0,0.003,2,1023,1.306e-05,1.177e-05,1.294e-05
20000,128,0.0,0.003,2,1185,2.656e-05,2.508e-05,2.694e-05
20000,128,0.0,0.003,2,1373,3.524e-05,3.377e-05,3.539e-05
20000,128,0.0,0.003,2,1592,4.99e-06,4.26e-06,5.12e-06
20000,128,0.0,0.003,2,1844,2.498e-05,2.386e-05,2.487e-05
20000,128,0.0,0.003,2,2137,6.3e-06,5.79e-06,6.28e-06
20000,128,0.0,0.003,2,2477,1.344e-05,1.281e-05,1.338e-05
20000,128,0.0,0.003,2,2871,1.508e-05,1.426e-05,1.532e-05
20000,128,0.0,0.003,2,3327,1.842e-05,1.757e-05,1.841e-05
20000,128,0.0,0.003,2,3855,4.79e-06,4.34e-06,4.85e-06
20000,128,0.0,0.003,2,4468,3.43e-06,3.11e-06,3.47e-06
20000,128,0.0,0.003,2,5177,5.25e-06,4.93e-06,5.38e-06
20000,128,0.0,0.003,2,6000,9.44e-06,8.74e-06,9.46e-06
