arm,warm_start,data_all,frozen,lr,noise,hidden,n_layers,kernel,history,batch_size,step_budget,F,n_params,seed,data_seed,noise_seed,init_seed,shuffle_seed,cycle,step,cum_step,cum_samples,cycle_wall_s,n_train,train_loss,val_mse_noisy,val_mse_clean,train_val_gap,valid_time_mtu,valid_time_lyap,weight_norm
warm_all,1,1,0,0.0003,0.1,512,3,5,4,256,6000,8.0,2633729,3,3,9976,3101,800012,0,1,1,256,1.115,2000,0.08735096,0.06471917,0.04491143,-0.02263179,0.05,0.08355,22.68963672
warm_all,1,1,0,0.0003,0.1,512,3,5,4,256,6000,8.0,2633729,3,3,9976,3101,800012,0,2,2,512,2.128,2000,0.06213268,0.05572592,0.03569225,-0.00640676,0.1,0.1671,22.69073781
warm_all,1,1,0,0.0003,0.1,512,3,5,4,256,6000,8.0,2633729,3,3,9976,3101,800012,0,3,3,768,2.172,2000,0.05327328,0.04952163,0.02904251,-0.00375165,0.1,0.1671,22.69160698
warm_all,1,1,0,0.0003,0.1,512,3,5,4,256,6000,8.0,2633729,3,3,9976,3101,800012,0,4,4,1024,2.21,2000,0.04944034,0.05003115,0.02903645,0.00059082,0.1,0.1671,22.69409842
warm_all,1,1,0,0.0003,0.1,512,3,5,4,256,6000,8.0,2633729,3,3,9976,3101,800012,0,5,5,1280,2.249,2000,0.04739033,0.04447626,0.02301273,-0.00291407,0.1,0.1671,22.69748645
warm_all,1,1,0,0.0003,0.1,512,3,5,4,256,6000,8.0,2633729,3,3,9976,3101,800012,0,6,6,1536,2.287,2000,0.04253235,0.04075105,0.01887314,-0.0017813,0.1,0.1671,22.70213504
warm_all,1,1,0,0.0003,0.1,512,3,5,4,256,6000,8.0,2633729,3,3,9976,3101,800012,0,7,7,1792,2.325,2000,0.03960527,0.04280848,0.02058654,0.00320322,0.1,0.1671,22.70697174
warm_all,1,1,0,0.0003,0.1,512,3,5,4,256,6000,8.0,2633729,3,3,9976,3101,800012,0,8,8,2048,2.363,2000,0.04210709,0.04131559,0.01890004,-0.0007915,0.1,0.1671,22.71007379
warm_all,1,1,0,0.0003,0.1,512,3,5,4,256,6000,8.0,2633729,3,3,9976,3101,800012,0,9,9,2304,2.401,2000,0.04018835,0.03981585,0.01733792,-0.0003725,0.1,0.1671,22.71193024
warm_all,1,1,0,0.0003,0.1,512,3,5,4,256,6000,8.0,2633729,3,3,9976,3101,800012,0,11,11,2816,2.442,2000,0.03876868,0.03717632,0.01484169,-0.00159235,0.15,0.25065,22.71493545
warm_all,1,1,0,0.0003,0.1,512,3,5,4,256,6000,8.0,2633729,3,3,9976,3101,800012,0,12,12,3072,2.48,2000,0.03520977,0.03633352,0.01416276,0.00112374,0.15,0.25065,22.71652164
warm_all,1,1,0,0.0003,0.1,512,3,5,4,256,6000,8.0,2633729,3,3,9976,3101,800012,0,14,14,3584,2.551,2000,0.03501905,0.03596401,0.01412075,0.00094496,0.15,0.25065,22.71858014
warm_all,1,1,0,0.0003,0.1,512,3,5,4,256,6000,8.0,2633729,3,3,9976,3101,800012,0,16,16,4096,2.591,2000,0.03349884,0.03425331,0.01258975,0.00075448,0.15,0.25065,22.72027569
warm_all,1,1,0,0.0003,0.1,512,3,5,4,256,6000,8.0,2633729,3,3,9976,3101,800012,0,19,19,4864,2.633,2000,0.03313026,0.03274299,0.01139151,-0.00038727,0.2,0.3342,22.72784184
warm_all,1,1,0,0.0003,0.1,512,3,5,4,256,6000,8.0,2633729,3,3,9976,3101,800012,0,22,22,5632,2.676,2000,0.03173743,0.03148145,0.01028273,-0.00025598,0.2,0.3342,22.7374794
warm_all,1,1,0,0.0003,0.1,512,3,5,4,256,6000,8.0,2633729,3,3,9976,3101,800012,0,26,26,6656,2.72,2000,0.03003723,0.03020307,0.00922212,0.00016584,0.2,0.3342,22.75157605
warm_all,1,1,0,0.0003,0.1,512,3,5,4,256,6000,8.0,2633729,3,3,9976,3101,800012,0,30,30,7680,2.764,2000,0.02848218,0.02748509,0.00718919,-0.00099708,0.25,0.41775,22.76403176
warm_all,1,1,0,0.0003,0.1,512,3,5,4,256,6000,8.0,2633729,3,3,9976,3101,800012,0,34,34,8704,2.809,2000,0.02626461,0.02598383,0.00638238,-0.00028078,0.25,0.41775,22.78004819
warm_all,1,1,0,0.0003,0.1,512,3,5,4,256,6000,8.0,2633729,3,3,9976,3101,800012,0,40,40,10240,2.857,2000,0.02404343,0.02316342,0.00514351,-0.00088001,0.35,0.58485,22.81252882
warm_all,1,1,0,0.0003,0.1,512,3,5,4,256,6000,8.0,2633729,3,3,9976,3101,800012,0,46,46,11776,2.905,2000,0.02155099,0.02038899,0.00469212,-0.00116201,0.45,0.75195,22.84883292
warm_all,1,1,0,0.0003,0.1,512,3,5,4,256,6000,8.0,2633729,3,3,9976,3101,800012,0,54,54,13824,2.957,2000,0.01914031,0.01897102,0.00679332,-0.00016929,0.45,0.75195,22.89294832
warm_all,1,1,0,0.0003,0.1,512,3,5,4,256,6000,8.0,2633729,3,3,9976,3101,800012,0,62,62,15872,3.039,2000,0.01807871,0.01749523,0.00808683,-0.00058347,0.45,0.75195,22.91693631
warm_all,1,1,0,0.0003,0.1,512,3,5,4,256,6000,8.0,2633729,3,3,9976,3101,800012,0,72,72,18432,3.094,2000,0.01619307,0.01619695,0.00878947,3.88e-06,0.7,1.1697,22.93506313
warm_all,1,1,0,0.0003,0.1,512,3,5,4,256,6000,8.0,2633729,3,3,9976,3101,800012,0,83,83,21248,3.151,2000,0.0161684,0.01581842,0.00897948,-0.00034997,0.75,1.25325,22.94570048
warm_all,1,1,0,0.0003,0.1,512,3,5,4,256,6000,8.0,2633729,3,3,9976,3101,800012,0,97,97,24832,3.215,2000,0.01535891,0.01572513,0.00882654,0.00036622,0.65,1.08615,22.95182408
warm_all,1,1,0,0.0003,0.1,512,3,5,4,256,6000,8.0,2633729,3,3,9976,3101,800012,0,112,112,28672,3.28,2000,0.0147489,0.01506694,0.00837072,0.00031805,0.85,1.42035,22.96073287
warm_all,1,1,0,0.0003,0.1,512,3,5,4,256,6000,8.0,2633729,3,3,9976,3101,800012,0,130,130,33280,3.352,2000,0.01463751,0.0151306,0.00867234,0.00049309,0.8,1.3368,22.96943663
warm_all,1,1,0,0.0003,0.1,512,3,5,4,256,6000,8.0,2633729,3,3,9976,3101,800012,0,150,150,38400,3.427,2000,0.0146144,0.01478908,0.00841526,0.00017467,0.8,1.3368,22.97701746
warm_all,1,1,0,0.0003,0.1,512,3,5,4,256,6000,8.0,2633729,3,3,9976,3101,800012,0,174,174,44544,3.51,2000,0.01449338,0.0146247,0.00830346,0.00013132,0.75,1.25325,22.98835037
warm_all,1,1,0,0.0003,0.1,512,3,5,4,256,6000,8.0,2633729,3,3,9976,3101,800012,0,202,202,51712,3.602,2000,0.01420843,0.01457784,0.00833591,0.00036942,0.8,1.3368,23.00167572
warm_all,1,1,0,0.0003,0.1,512,3,5,4,256,6000,8.0,2633729,3,3,9976,3101,800012,0,234,234,59904,3.701,2000,0.01407328,0.01450931,0.0084356,0.00043603,0.7,1.1697,23.0162122
warm_all,1,1,0,0.0003,0.1,512,3,5,4,256,6000,8.0,2633729,3,3,9976,3101,800012,0,271,271,69376,3.841,2000,0.01391131,0.01440213,0.00846902,0.00049081,0.8,1.3368,23.03147745
warm_all,1,1,0,0.0003,0.1,512,3,5,4,256,6000,8.0,2633729,3,3,9976,3101,800012,0,314,314,80384,3.962,2000,0.01393296,0.01454414,0.00853877,0.00061118,0.85,1.42035,23.04867546
warm_all,1,1,0,0.0003,0.1,512,3,5,4,256,6000,8.0,2633729,3,3,9976,3101,800012,0,364,364,93184,4.1,2000,0.01365907,0.01425889,0.00869216,0.00059981,0.8,1.3368,23.0737297
warm_all,1,1,0,0.0003,0.1,512,3,5,4,256,6000,8.0,2633729,3,3,9976,3101,800012,0,422,422,108032,4.252,2000,0.01357578,0.0138693,0.00845407,0.00029351,0.8,1.3368,23.09829491
warm_all,1,1,0,0.0003,0.1,512,3,5,4,256,6000,8.0,2633729,3,3,9976,3101,800012,0,489,489,125184,4.421,2000,0.01333681,0.0137659,0.00841272,0.00042909,0.9,1.5039,23.12375433
warm_all,1,1,0,0.0003,0.1,512,3,5,4,256,6000,8.0,2633729,3,3,9976,3101,800012,0,567,567,145152,4.613,2000,0.01334783,0.0136102,0.00842431,0.00026238,0.85,1.42035,23.1523665
warm_all,1,1,0,0.0003,0.1,512,3,5,4,256,6000,8.0,2633729,3,3,9976,3101,800012,0,657,657,168192,4.828,2000,0.01317697,0.01375456,0.00850731,0.00057759,0.9,1.5039,23.1806582
warm_all,1,1,0,0.0003,0.1,512,3,5,4,256,6000,8.0,2633729,3,3,9976,3101,800012,0,761,761,194816,5.071,2000,0.01321711,0.01345858,0.00832451,0.00024147,0.9,1.5039,23.21915286
warm_all,1,1,0,0.0003,0.1,512,3,5,4,256,6000,8.0,2633729,3,3,9976,3101,800012,0,882,882,225792,5.349,2000,0.01305055,0.01342612,0.00835933,0.00037557,0.95,1.58745,23.25843312
warm_all,1,1,0,0.0003,0.1,512,3,5,4,256,6000,8.0,2633729,3,3,9976,3101,800012,0,1023,1023,261888,5.666,2000,0.01299847,0.01341178,0.00839683,0.00041331,0.95,1.58745,23.30265845
warm_all,1,1,0,0.0003,0.1,512,3,5,4,256,6000,8.0,2633729,3,3,9976,3101,800012,0,1185,1185,303360,6.055,2000,0.01291275,0.0133743,0.00839489,0.00046155,0.9,1.5039,23.35429691
warm_all,1,1,0,0.0003,0.1,512,3,5,4,256,6000,8.0,2633729,3,3,9976,3101,800012,0,1373,1373,351488,6.466,2000,0.0128442,0.01328722,0.00853589,0.00044302,0.95,1.58745,23.41846964
warm_all,1,1,0,0.0003,0.1,512,3,5,4,256,6000,8.0,2633729,3,3,9976,3101,800012,0,1592,1592,407552,6.94,2000,0.01280052,0.01323643,0.00844012,0.00043592,0.95,1.58745,23.49972157
warm_all,1,1,0,0.0003,0.1,512,3,5,4,256,6000,8.0,2633729,3,3,9976,3101,800012,0,1844,1844,472064,7.479,2000,0.01274836,0.013229,0.00835396,0.00048063,0.9,1.5039,23.60231227
warm_all,1,1,0,0.0003,0.1,512,3,5,4,256,6000,8.0,2633729,3,3,9976,3101,800012,0,2137,2137,547072,8.1,2000,0.01264172,0.01332221,0.00850454,0.00068049,0.9,1.5039,23.72565978
warm_all,1,1,0,0.0003,0.1,512,3,5,4,256,6000,8.0,2633729,3,3,9976,3101,800012,0,2477,2477,634112,8.815,2000,0.01261087,0.01344022,0.00865003,0.00082935,0.8,1.3368,23.88782812
warm_all,1,1,0,0.0003,0.1,512,3,5,4,256,6000,8.0,2633729,3,3,9976,3101,800012,0,2871,2871,734976,9.639,2000,0.01251681,0.01325202,0.00867891,0.0007352,0.9,1.5039,24.10651482
warm_all,1,1,0,0.0003,0.1,512,3,5,4,256,6000,8.0,2633729,3,3,9976,3101,800012,0,3327,3327,851712,10.586,2000,0.0124311,0.01337898,0.00898779,0.00094788,0.9,1.5039,24.40452578
warm_all,1,1,0,0.0003,0.1,512,3,5,4,256,6000,8.0,2633729,3,3,9976,3101,800012,0,3855,3855,986880,11.677,2000,0.01230854,0.01349341,0.00914609,0.00118487,0.9,1.5039,24.84917719
warm_all,1,1,0,0.0003,0.1,512,3,5,4,256,6000,8.0,2633729,3,3,9976,3101,800012,0,4468,4468,1143808,12.938,2000,0.01213887,0.01359052,0.00934044,0.00145165,0.9,1.5039,25.55943509
warm_all,1,1,0,0.0003,0.1,512,3,5,4,256,6000,8.0,2633729,3,3,9976,3101,800012,0,5177,5177,1325312,14.424,2000,0.01182778,0.01409394,0.01002501,0.00226616,0.95,1.58745,26.85431826
warm_all,1,1,0,0.0003,0.1,512,3,5,4,256,6000,8.0,2633729,3,3,9976,3101,800012,0,6000,6000,1536000,16.107,2000,0.01108384,0.0155091,0.01231812,0.00442525,0.85,1.42035,29.45400448
warm_all,1,1,0,0.0003,0.1,512,3,5,4,256,6000,8.0,2633729,3,3,9976,3102,800013,1,1,6001,1536256,0.038,4000,0.02058075,0.22502176,0.21087939,0.20444102,0.0,0.0,22.86025191
warm_all,1,1,0,0.0003,0.1,512,3,5,4,256,6000,8.0,2633729,3,3,9976,3102,800013,1,2,6002,1536512,0.107,4000,0.2246654,0.03569924,0.02034318,-0.18896616,0.15,0.25065,22.85129062
warm_all,1,1,0,0.0003,0.1,512,3,5,4,256,6000,8.0,2633729,3,3,9976,3102,800013,1,3,6003,1536768,0.144,4000,0.03491412,0.05825744,0.04207917,0.02334332,0.1,0.1671,22.84805722
warm_all,1,1,0,0.0003,0.1,512,3,5,4,256,6000,8.0,2633729,3,3,9976,3102,800013,1,4,6004,1537024,0.181,4000,0.05668812,0.0920028,0.07559086,0.03531468,0.05,0.08355,22.844664
warm_all,1,1,0,0.0003,0.1,512,3,5,4,256,6000,8.0,2633729,3,3,9976,3102,800013,1,5,6005,1537280,0.219,4000,0.09172644,0.07447103,0.05816411,-0.01725541,0.05,0.08355,22.8405829
warm_all,1,1,0,0.0003,0.1,512,3,5,4,256,6000,8.0,2633729,3,3,9976,3102,800013,1,6,6006,1537536,0.256,4000,0.07372829,0.04764739,0.03151425,-0.02608089,0.1,0.1671,22.83725073
warm_all,1,1,0,0.0003,0.1,512,3,5,4,256,6000,8.0,2633729,3,3,9976,3102,800013,1,7,6007,1537792,0.294,4000,0.04652999,0.03371066,0.01769307,-0.01281933,0.15,0.25065,22.83546642
warm_all,1,1,0,0.0003,0.1,512,3,5,4,256,6000,8.0,2633729,3,3,9976,3102,800013,1,8,6008,1538048,0.331,4000,0.03360531,0.03390763,0.01787753,0.00030232,0.15,0.25065,22.83501201
warm_all,1,1,0,0.0003,0.1,512,3,5,4,256,6000,8.0,2633729,3,3,9976,3102,800013,1,9,6009,1538304,0.368,4000,0.03374936,0.03956383,0.02336999,0.00581447,0.15,0.25065,22.83490898
warm_all,1,1,0,0.0003,0.1,512,3,5,4,256,6000,8.0,2633729,3,3,9976,3102,800013,1,11,6011,1538816,0.408,4000,0.04050999,0.03902964,0.02217386,-0.00148035,0.15,0.25065,22.83364108
warm_all,1,1,0,0.0003,0.1,512,3,5,4,256,6000,8.0,2633729,3,3,9976,3102,800013,1,12,6012,1539072,0.446,4000,0.03889199,0.03465941,0.01744488,-0.00423258,0.15,0.25065,22.83278007
warm_all,1,1,0,0.0003,0.1,512,3,5,4,256,6000,8.0,2633729,3,3,9976,3102,800013,1,14,6014,1539584,0.516,4000,0.03230022,0.03072913,0.01298301,-0.00157109,0.2,0.3342,22.8321798
warm_all,1,1,0,0.0003,0.1,512,3,5,4,256,6000,8.0,2633729,3,3,9976,3102,800013,1,16,6016,1540096,0.555,4000,0.03056465,0.03325516,0.01530792,0.00269051,0.15,0.25065,22.83334075
warm_all,1,1,0,0.0003,0.1,512,3,5,4,256,6000,8.0,2633729,3,3,9976,3102,800013,1,19,6019,1540864,0.597,4000,0.03199326,0.02958885,0.01168633,-0.00240441,0.2,0.3342,22.83573143
warm_all,1,1,0,0.0003,0.1,512,3,5,4,256,6000,8.0,2633729,3,3,9976,3102,800013,1,22,6022,1541632,0.639,4000,0.02745194,0.02680793,0.00892384,-0.00064401,0.25,0.41775,22.83875291
warm_all,1,1,0,0.0003,0.1,512,3,5,4,256,6000,8.0,2633729,3,3,9976,3102,800013,1,26,6026,1542656,0.682,4000,0.02771962,0.02682423,0.00900873,-0.00089539,0.25,0.41775,22.84210176
warm_all,1,1,0,0.0003,0.1,512,3,5,4,256,6000,8.0,2633729,3,3,9976,3102,800013,1,30,6030,1543680,0.726,4000,0.02513328,0.02489466,0.00725187,-0.00023863,0.25,0.41775,22.84518731
warm_all,1,1,0,0.0003,0.1,512,3,5,4,256,6000,8.0,2633729,3,3,9976,3102,800013,1,34,6034,1544704,0.77,4000,0.02494967,0.02397404,0.00635876,-0.00097563,0.3,0.5013,22.85008986
warm_all,1,1,0,0.0003,0.1,512,3,5,4,256,6000,8.0,2633729,3,3,9976,3102,800013,1,40,6040,1546240,0.818,4000,0.02288999,0.02264851,0.00564244,-0.00024148,0.35,0.58485,22.85995425
warm_all,1,1,0,0.0003,0.1,512,3,5,4,256,6000,8.0,2633729,3,3,9976,3102,800013,1,46,6046,1547776,0.866,4000,0.02166181,0.02149387,0.00497785,-0.00016795,0.35,0.58485,22.86904826
warm_all,1,1,0,0.0003,0.1,512,3,5,4,256,6000,8.0,2633729,3,3,9976,3102,800013,1,54,6054,1549824,0.918,4000,0.02062918,0.02008436,0.00448461,-0.00054482,0.45,0.75195,22.88395844
warm_all,1,1,0,0.0003,0.1,512,3,5,4,256,6000,8.0,2633729,3,3,9976,3102,800013,1,62,6062,1551872,1.0,4000,0.01936585,0.01901013,0.00436934,-0.00035572,0.5,0.8355,22.8993652
warm_all,1,1,0,0.0003,0.1,512,3,5,4,256,6000,8.0,2633729,3,3,9976,3102,800013,1,72,6072,1554432,1.055,4000,0.01822155,0.01793452,0.00466,-0.00028703,0.6,1.0026,22.91849226
warm_all,1,1,0,0.0003,0.1,512,3,5,4,256,6000,8.0,2633729,3,3,9976,3102,800013,1,83,6083,1557248,1.112,4000,0.01726005,0.0170059,0.00532816,-0.00025415,0.6,1.0026,22.93744013
warm_all,1,1,0,0.0003,0.1,512,3,5,4,256,6000,8.0,2633729,3,3,9976,3102,800013,1,97,6097,1560832,1.176,4000,0.01646355,0.01620118,0.00629014,-0.00026237,0.7,1.1697,22.95765534
warm_all,1,1,0,0.0003,0.1,512,3,5,4,256,6000,8.0,2633729,3,3,9976,3102,800013,1,112,6112,1564672,1.241,4000,0.01577955,0.01563061,0.00723129,-0.00014894,0.7,1.1697,22.97578616
warm_all,1,1,0,0.0003,0.1,512,3,5,4,256,6000,8.0,2633729,3,3,9976,3102,800013,1,130,6130,1569280,1.311,4000,0.01526267,0.01524032,0.00785334,-2.236e-05,0.8,1.3368,22.99193077
warm_all,1,1,0,0.0003,0.1,512,3,5,4,256,6000,8.0,2633729,3,3,9976,3102,800013,1,150,6150,1574400,1.387,4000,0.01498181,0.0150044,0.00810797,2.258e-05,0.75,1.25325,23.00343359
warm_all,1,1,0,0.0003,0.1,512,3,5,4,256,6000,8.0,2633729,3,3,9976,3102,800013,1,174,6174,1580544,1.47,4000,0.01472974,0.01482855,0.00810737,9.881e-05,0.75,1.25325,23.01369256
warm_all,1,1,0,0.0003,0.1,512,3,5,4,256,6000,8.0,2633729,3,3,9976,3102,800013,1,202,6202,1587712,1.561,4000,0.01452249,0.01453034,0.00803831,7.85e-06,0.85,1.42035,23.0251208
warm_all,1,1,0,0.0003,0.1,512,3,5,4,256,6000,8.0,2633729,3,3,9976,3102,800013,1,234,6234,1595904,1.66,4000,0.01443644,0.01451247,0.00803416,7.604e-05,0.8,1.3368,23.03655017
warm_all,1,1,0,0.0003,0.1,512,3,5,4,256,6000,8.0,2633729,3,3,9976,3102,800013,1,271,6271,1605376,1.799,4000,0.01421332,0.01416255,0.00797977,-5.076e-05,0.9,1.5039,23.05272995
warm_all,1,1,0,0.0003,0.1,512,3,5,4,256,6000,8.0,2633729,3,3,9976,3102,800013,1,314,6314,1616384,1.919,4000,0.01404656,0.01403977,0.00799642,-6.79e-06,0.9,1.5039,23.06912785
warm_all,1,1,0,0.0003,0.1,512,3,5,4,256,6000,8.0,2633729,3,3,9976,3102,800013,1,364,6364,1629184,2.054,4000,0.01393723,0.01428226,0.00824914,0.00034503,0.75,1.25325,23.08804538
warm_all,1,1,0,0.0003,0.1,512,3,5,4,256,6000,8.0,2633729,3,3,9976,3102,800013,1,422,6422,1644032,2.205,4000,0.01386471,0.01380563,0.00797091,-5.908e-05,0.85,1.42035,23.10868345
warm_all,1,1,0,0.0003,0.1,512,3,5,4,256,6000,8.0,2633729,3,3,9976,3102,800013,1,489,6489,1661184,2.374,4000,0.01368904,0.01371396,0.00794333,2.492e-05,0.85,1.42035,23.13263992
warm_all,1,1,0,0.0003,0.1,512,3,5,4,256,6000,8.0,2633729,3,3,9976,3102,800013,1,567,6567,1681152,2.565,4000,0.01350382,0.0138377,0.00821975,0.00033388,0.75,1.25325,23.15825268
warm_all,1,1,0,0.0003,0.1,512,3,5,4,256,6000,8.0,2633729,3,3,9976,3102,800013,1,657,6657,1704192,2.779,4000,0.01340416,0.01353768,0.00809988,0.00013352,0.9,1.5039,23.18561094
warm_all,1,1,0,0.0003,0.1,512,3,5,4,256,6000,8.0,2633729,3,3,9976,3102,800013,1,761,6761,1730816,3.021,4000,0.01330742,0.01388592,0.00864975,0.0005785,0.85,1.42035,23.21402733
warm_all,1,1,0,0.0003,0.1,512,3,5,4,256,6000,8.0,2633729,3,3,9976,3102,800013,1,882,6882,1761792,3.298,4000,0.01321785,0.01331456,0.00821078,9.671e-05,1.0,1.671,23.24627721
warm_all,1,1,0,0.0003,0.1,512,3,5,4,256,6000,8.0,2633729,3,3,9976,3102,800013,1,1023,7023,1797888,3.614,4000,0.01324435,0.01362445,0.00837483,0.00038011,0.9,1.5039,23.27944244
warm_all,1,1,0,0.0003,0.1,512,3,5,4,256,6000,8.0,2633729,3,3,9976,3102,800013,1,1185,7185,1839360,4.003,4000,0.01315477,0.01330198,0.00820575,0.00014721,0.9,1.5039,23.32120564
warm_all,1,1,0,0.0003,0.1,512,3,5,4,256,6000,8.0,2633729,3,3,9976,3102,800013,1,1373,7373,1887488,4.412,4000,0.01316076,0.01361319,0.00836476,0.00045243,0.95,1.58745,23.3698817
warm_all,1,1,0,0.0003,0.1,512,3,5,4,256,6000,8.0,2633729,3,3,9976,3102,800013,1,1592,7592,1943552,4.884,4000,0.01302635,0.01356795,0.00837491,0.0005416,0.7,1.1697,23.42347282
warm_all,1,1,0,0.0003,0.1,512,3,5,4,256,6000,8.0,2633729,3,3,9976,3102,800013,1,1844,7844,2008064,5.421,4000,0.01301579,0.01326215,0.00824033,0.00024636,0.9,1.5039,23.4943275
warm_all,1,1,0,0.0003,0.1,512,3,5,4,256,6000,8.0,2633729,3,3,9976,3102,800013,1,2137,8137,2083072,6.041,4000,0.01291492,0.01334512,0.008425,0.00043019,0.85,1.42035,23.57025142
warm_all,1,1,0,0.0003,0.1,512,3,5,4,256,6000,8.0,2633729,3,3,9976,3102,800013,1,2477,8477,2170112,6.753,4000,0.01288923,0.0132452,0.00835104,0.00035597,0.95,1.58745,23.66893654
warm_all,1,1,0,0.0003,0.1,512,3,5,4,256,6000,8.0,2633729,3,3,9976,3102,800013,1,2871,8871,2270976,7.572,4000,0.01285092,0.01308444,0.00815524,0.00023352,0.95,1.58745,23.79526195
warm_all,1,1,0,0.0003,0.1,512,3,5,4,256,6000,8.0,2633729,3,3,9976,3102,800013,1,3327,9327,2387712,8.516,4000,0.01280538,0.0131845,0.00829286,0.00037912,0.85,1.42035,23.95804797
warm_all,1,1,0,0.0003,0.1,512,3,5,4,256,6000,8.0,2633729,3,3,9976,3102,800013,1,3855,9855,2522880,9.605,4000,0.01275894,0.01321355,0.00832276,0.00045461,0.85,1.42035,24.16542391
warm_all,1,1,0,0.0003,0.1,512,3,5,4,256,6000,8.0,2633729,3,3,9976,3102,800013,1,4468,10468,2679808,10.862,4000,0.0126965,0.01314385,0.00842473,0.00044735,0.9,1.5039,24.44568871
warm_all,1,1,0,0.0003,0.1,512,3,5,4,256,6000,8.0,2633729,3,3,9976,3102,800013,1,5177,11177,2861312,12.338,4000,0.01262964,0.01323968,0.00877126,0.00061004,0.95,1.58745,24.84450344
warm_all,1,1,0,0.0003,0.1,512,3,5,4,256,6000,8.0,2633729,3,3,9976,3102,800013,1,6000,12000,3072000,14.013,4000,0.01254705,0.01324695,0.00875793,0.0006999,0.95,1.58745,25.47065802
warm_all,1,1,0,0.0003,0.1,512,3,5,4,256,6000,8.0,2633729,3,3,9976,3103,800014,2,1,12001,3072256,0.039,6000,0.01886806,0.09427966,0.08057255,0.0754116,0.05,0.08355,22.91382886
warm_all,1,1,0,0.0003,0.1,512,3,5,4,256,6000,8.0,2633729,3,3,9976,3103,800014,2,2,12002,3072512,0.107,6000,0.093624,0.0249918,0.01160543,-0.0686322,0.25,0.41775,22.90857236
warm_all,1,1,0,0.0003,0.1,512,3,5,4,256,6000,8.0,2633729,3,3,9976,3103,800014,2,3,12003,3072768,0.144,6000,0.02468019,0.03912448,0.02551433,0.01444429,0.15,0.25065,22.90686347
warm_all,1,1,0,0.0003,0.1,512,3,5,4,256,6000,8.0,2633729,3,3,9976,3103,800014,2,4,12004,3073024,0.181,6000,0.03812154,0.04697884,0.0327615,0.0088573,0.15,0.25065,22.90379729
warm_all,1,1,0,0.0003,0.1,512,3,5,4,256,6000,8.0,2633729,3,3,9976,3103,800014,2,5,12005,3073280,0.218,6000,0.04813795,0.03921161,0.02441771,-0.00892634,0.15,0.25065,22.8998452
warm_all,1,1,0,0.0003,0.1,512,3,5,4,256,6000,8.0,2633729,3,3,9976,3103,800014,2,6,12006,3073536,0.255,6000,0.03904794,0.03098563,0.0158229,-0.00806231,0.2,0.3342,22.89649331
warm_all,1,1,0,0.0003,0.1,512,3,5,4,256,6000,8.0,2633729,3,3,9976,3103,800014,2,7,12007,3073792,0.293,6000,0.03082344,0.02634567,0.01104013,-0.00447777,0.25,0.41775,22.89453246
warm_all,1,1,0,0.0003,0.1,512,3,5,4,256,6000,8.0,2633729,3,3,9976,3103,800014,2,8,12008,3074048,0.331,6000,0.02489402,0.02523531,0.00994164,0.00034129,0.25,0.41775,22.89387911
warm_all,1,1,0,0.0003,0.1,512,3,5,4,256,6000,8.0,2633729,3,3,9976,3103,800014,2,9,12009,3074304,0.368,6000,0.02543007,0.02648688,0.01127873,0.00105682,0.25,0.41775,22.89409452
warm_all,1,1,0,0.0003,0.1,512,3,5,4,256,6000,8.0,2633729,3,3,9976,3103,800014,2,11,12011,3074816,0.407,6000,0.02771728,0.02866222,0.01339328,0.00094494,0.2,0.3342,22.89522221
warm_all,1,1,0,0.0003,0.1,512,3,5,4,256,6000,8.0,2633729,3,3,9976,3103,800014,2,12,12012,3075072,0.444,6000,0.02903774,0.02648608,0.01099922,-0.00255166,0.25,0.41775,22.89546841
warm_all,1,1,0,0.0003,0.1,512,3,5,4,256,6000,8.0,2633729,3,3,9976,3103,800014,2,14,12014,3075584,0.513,6000,0.02502892,0.02162015,0.00552056,-0.00340877,0.35,0.58485,22.89589321
warm_all,1,1,0,0.0003,0.1,512,3,5,4,256,6000,8.0,2633729,3,3,9976,3103,800014,2,16,12016,3076096,0.553,6000,0.02128254,0.02304691,0.00653172,0.00176436,0.3,0.5013,22.8976317
warm_all,1,1,0,0.0003,0.1,512,3,5,4,256,6000,8.0,2633729,3,3,9976,3103,800014,2,19,12019,3076864,0.594,6000,0.02361904,0.02300568,0.00667865,-0.00061336,0.3,0.5013,22.90069664
warm_all,1,1,0,0.0003,0.1,512,3,5,4,256,6000,8.0,2633729,3,3,9976,3103,800014,2,22,12022,3077632,0.636,6000,0.02120071,0.02032251,0.00462803,-0.0008782,0.4,0.6684,22.90500021
warm_all,1,1,0,0.0003,0.1,512,3,5,4,256,6000,8.0,2633729,3,3,9976,3103,800014,2,26,12026,3078656,0.679,6000,0.02081871,0.02067436,0.00534222,-0.00014435,0.4,0.6684,22.9132143
warm_all,1,1,0,0.0003,0.1,512,3,5,4,256,6000,8.0,2633729,3,3,9976,3103,800014,2,30,12030,3079680,0.722,6000,0.01949729,0.01911959,0.00399188,-0.00037769,0.55,0.91905,22.92143588
warm_all,1,1,0,0.0003,0.1,512,3,5,4,256,6000,8.0,2633729,3,3,9976,3103,800014,2,34,12034,3080704,0.765,6000,0.01871905,0.0189056,0.00431154,0.00018655,0.45,0.75195,22.92939914
warm_all,1,1,0,0.0003,0.1,512,3,5,4,256,6000,8.0,2633729,3,3,9976,3103,800014,2,40,12040,3082240,0.812,6000,0.01812782,0.01790414,0.00445559,-0.00022368,0.6,1.0026,22.9436028
warm_all,1,1,0,0.0003,0.1,512,3,5,4,256,6000,8.0,2633729,3,3,9976,3103,800014,2,46,12046,3083776,0.859,6000,0.01758814,0.01707302,0.00456061,-0.00051512,0.6,1.0026,22.95800586
warm_all,1,1,0,0.0003,0.1,512,3,5,4,256,6000,8.0,2633729,3,3,9976,3103,800014,2,54,12054,3085824,0.91,6000,0.01675177,0.01628493,0.00537824,-0.00046683,0.75,1.25325,22.97535214
warm_all,1,1,0,0.0003,0.1,512,3,5,4,256,6000,8.0,2633729,3,3,9976,3103,800014,2,62,12062,3087872,0.991,6000,0.01583675,0.01579727,0.00641973,-3.948e-05,0.7,1.1697,22.99018936
warm_all,1,1,0,0.0003,0.1,512,3,5,4,256,6000,8.0,2633729,3,3,9976,3103,800014,2,72,12072,3090432,1.046,6000,0.015289,0.01532154,0.00727315,3.254e-05,0.8,1.3368,23.00491669
warm_all,1,1,0,0.0003,0.1,512,3,5,4,256,6000,8.0,2633729,3,3,9976,3103,800014,2,83,12083,3093248,1.103,6000,0.01508954,0.01517255,0.00803616,8.301e-05,0.8,1.3368,23.01678058
warm_all,1,1,0,0.0003,0.1,512,3,5,4,256,6000,8.0,2633729,3,3,9976,3103,800014,2,97,12097,3096832,1.167,6000,0.01496299,0.01485267,0.0080913,-0.00011032,0.85,1.42035,23.02590927
warm_all,1,1,0,0.0003,0.1,512,3,5,4,256,6000,8.0,2633729,3,3,9976,3103,800014,2,112,12112,3100672,1.232,6000,0.01465978,0.01468578,0.00791104,2.6e-05,0.85,1.42035,23.03236547
warm_all,1,1,0,0.0003,0.1,512,3,5,4,256,6000,8.0,2633729,3,3,9976,3103,800014,2,130,12130,3105280,1.303,6000,0.01459886,0.01470908,0.00805574,0.00011022,0.8,1.3368,23.04008197
warm_all,1,1,0,0.0003,0.1,512,3,5,4,256,6000,8.0,2633729,3,3,9976,3103,800014,2,150,12150,3110400,1.378,6000,0.01443314,0.01438316,0.00783717,-4.998e-05,0.85,1.42035,23.05011682
warm_all,1,1,0,0.0003,0.1,512,3,5,4,256,6000,8.0,2633729,3,3,9976,3103,800014,2,174,12174,3116544,1.46,6000,0.01428811,0.01424862,0.00790227,-3.949e-05,0.9,1.5039,23.06224613
warm_all,1,1,0,0.0003,0.1,512,3,5,4,256,6000,8.0,2633729,3,3,9976,3103,800014,2,202,12202,3123712,1.551,6000,0.01428554,0.01416501,0.00788727,-0.00012053,0.85,1.42035,23.07571771
warm_all,1,1,0,0.0003,0.1,512,3,5,4,256,6000,8.0,2633729,3,3,9976,3103,800014,2,234,12234,3131904,1.651,6000,0.01402748,0.01418344,0.00805521,0.00015597,0.8,1.3368,23.0922264
warm_all,1,1,0,0.0003,0.1,512,3,5,4,256,6000,8.0,2633729,3,3,9976,3103,800014,2,271,12271,3141376,1.789,6000,0.01389963,0.0138554,0.00789944,-4.423e-05,0.9,1.5039,23.11085772
warm_all,1,1,0,0.0003,0.1,512,3,5,4,256,6000,8.0,2633729,3,3,9976,3103,800014,2,314,12314,3152384,1.91,6000,0.01379172,0.01443896,0.00843597,0.00064724,0.7,1.1697,23.13156877
warm_all,1,1,0,0.0003,0.1,512,3,5,4,256,6000,8.0,2633729,3,3,9976,3103,800014,2,364,12364,3165184,2.045,6000,0.01369947,0.01370613,0.0078402,6.66e-06,0.95,1.58745,23.15453515
warm_all,1,1,0,0.0003,0.1,512,3,5,4,256,6000,8.0,2633729,3,3,9976,3103,800014,2,422,12422,3180032,2.195,6000,0.01364212,0.01361128,0.00796715,-3.084e-05,0.9,1.5039,23.18115939
warm_all,1,1,0,0.0003,0.1,512,3,5,4,256,6000,8.0,2633729,3,3,9976,3103,800014,2,489,12489,3197184,2.364,6000,0.01343875,0.01356472,0.00826727,0.00012597,0.85,1.42035,23.21002902
warm_all,1,1,0,0.0003,0.1,512,3,5,4,256,6000,8.0,2633729,3,3,9976,3103,800014,2,567,12567,3217152,2.554,6000,0.01337187,0.01353042,0.00821577,0.00015855,0.9,1.5039,23.2395333
warm_all,1,1,0,0.0003,0.1,512,3,5,4,256,6000,8.0,2633729,3,3,9976,3103,800014,2,657,12657,3240192,2.769,6000,0.01335583,0.01342648,0.00786799,7.065e-05,0.85,1.42035,23.26993849
warm_all,1,1,0,0.0003,0.1,512,3,5,4,256,6000,8.0,2633729,3,3,9976,3103,800014,2,761,12761,3266816,3.011,6000,0.01327864,0.01332509,0.00799936,4.645e-05,0.95,1.58745,23.30826215
warm_all,1,1,0,0.0003,0.1,512,3,5,4,256,6000,8.0,2633729,3,3,9976,3103,800014,2,882,12882,3297792,3.287,6000,0.01321186,0.01340883,0.00824472,0.00019697,0.8,1.3368,23.35124867
warm_all,1,1,0,0.0003,0.1,512,3,5,4,256,6000,8.0,2633729,3,3,9976,3103,800014,2,1023,13023,3333888,3.602,6000,0.01312908,0.0132391,0.00803622,0.00011002,0.95,1.58745,23.3953119
warm_all,1,1,0,0.0003,0.1,512,3,5,4,256,6000,8.0,2633729,3,3,9976,3103,800014,2,1185,13185,3375360,3.989,6000,0.01308789,0.01347397,0.00856094,0.00038608,0.8,1.3368,23.45156697
warm_all,1,1,0,0.0003,0.1,512,3,5,4,256,6000,8.0,2633729,3,3,9976,3103,800014,2,1373,13373,3423488,4.398,6000,0.01303662,0.01315075,0.0082011,0.00011413,0.95,1.58745,23.51360487
warm_all,1,1,0,0.0003,0.1,512,3,5,4,256,6000,8.0,2633729,3,3,9976,3103,800014,2,1592,13592,3479552,4.87,6000,0.01301133,0.01326787,0.00843977,0.00025654,0.95,1.58745,23.59067435
warm_all,1,1,0,0.0003,0.1,512,3,5,4,256,6000,8.0,2633729,3,3,9976,3103,800014,2,1844,13844,3544064,5.407,6000,0.01297578,0.01320189,0.00841851,0.0002261,0.95,1.58745,23.68091367
warm_all,1,1,0,0.0003,0.1,512,3,5,4,256,6000,8.0,2633729,3,3,9976,3103,800014,2,2137,14137,3619072,6.026,6000,0.01292499,0.01311401,0.00823916,0.00018902,0.95,1.58745,23.78293018
warm_all,1,1,0,0.0003,0.1,512,3,5,4,256,6000,8.0,2633729,3,3,9976,3103,800014,2,2477,14477,3706112,6.739,6000,0.01288755,0.01312075,0.00832546,0.00023319,0.95,1.58745,23.91153563
warm_all,1,1,0,0.0003,0.1,512,3,5,4,256,6000,8.0,2633729,3,3,9976,3103,800014,2,2871,14871,3806976,7.559,6000,0.01286612,0.0130693,0.00802532,0.00020319,0.9,1.5039,24.07448746
warm_all,1,1,0,0.0003,0.1,512,3,5,4,256,6000,8.0,2633729,3,3,9976,3103,800014,2,3327,15327,3923712,8.503,6000,0.01280125,0.01308987,0.00828061,0.00028862,0.95,1.58745,24.26785216
warm_all,1,1,0,0.0003,0.1,512,3,5,4,256,6000,8.0,2633729,3,3,9976,3103,800014,2,3855,15855,4058880,9.59,6000,0.01278396,0.01312481,0.00840054,0.00034085,0.9,1.5039,24.52934656
warm_all,1,1,0,0.0003,0.1,512,3,5,4,256,6000,8.0,2633729,3,3,9976,3103,800014,2,4468,16468,4215808,10.848,6000,0.01273324,0.01309062,0.0084113,0.00035738,0.95,1.58745,24.87661359
warm_all,1,1,0,0.0003,0.1,512,3,5,4,256,6000,8.0,2633729,3,3,9976,3103,800014,2,5177,17177,4397312,12.327,6000,0.01268984,0.01305942,0.00784387,0.00036958,0.95,1.58745,25.3607081
warm_all,1,1,0,0.0003,0.1,512,3,5,4,256,6000,8.0,2633729,3,3,9976,3103,800014,2,6000,18000,4608000,14.001,6000,0.01261939,0.01309576,0.00840487,0.00047637,0.95,1.58745,26.06941736
warm_all,1,1,0,0.0003,0.1,512,3,5,4,256,6000,8.0,2633729,3,3,9976,3104,800015,3,1,18001,4608256,0.038,8000,0.0192009,0.05423494,0.03979119,0.03503404,0.1,0.1671,22.92983527
warm_all,1,1,0,0.0003,0.1,512,3,5,4,256,6000,8.0,2633729,3,3,9976,3104,800015,3,2,18002,4608512,0.106,8000,0.05461055,0.02223404,0.00806185,-0.03237651,0.35,0.58485,22.92673154
warm_all,1,1,0,0.0003,0.1,512,3,5,4,256,6000,8.0,2633729,3,3,9976,3104,800015,3,3,18003,4608768,0.144,8000,0.02220031,0.0274593,0.01311816,0.00525899,0.25,0.41775,22.92741955
warm_all,1,1,0,0.0003,0.1,512,3,5,4,256,6000,8.0,2633729,3,3,9976,3104,800015,3,4,18004,4609024,0.181,8000,0.02723113,0.02949084,0.01462369,0.00225972,0.2,0.3342,22.92815126
warm_all,1,1,0,0.0003,0.1,512,3,5,4,256,6000,8.0,2633729,3,3,9976,3104,800015,3,5,18005,4609280,0.218,8000,0.02960183,0.02518813,0.0098704,-0.0044137,0.25,0.41775,22.92911838
warm_all,1,1,0,0.0003,0.1,512,3,5,4,256,6000,8.0,2633729,3,3,9976,3104,800015,3,6,18006,4609536,0.256,8000,0.02491267,0.02223091,0.00675549,-0.00268175,0.35,0.58485,22.93112964
warm_all,1,1,0,0.0003,0.1,512,3,5,4,256,6000,8.0,2633729,3,3,9976,3104,800015,3,7,18007,4609792,0.293,8000,0.022394,0.02358645,0.00826009,0.00119245,0.3,0.5013,22.9336403
warm_all,1,1,0,0.0003,0.1,512,3,5,4,256,6000,8.0,2633729,3,3,9976,3104,800015,3,8,18008,4610048,0.33,8000,0.02327991,0.02445083,0.00939961,0.00117092,0.3,0.5013,22.93500706
warm_all,1,1,0,0.0003,0.1,512,3,5,4,256,6000,8.0,2633729,3,3,9976,3104,800015,3,9,18009,4610304,0.367,8000,0.02537614,0.02219445,0.00731928,-0.0031817,0.35,0.58485,22.93516731
warm_all,1,1,0,0.0003,0.1,512,3,5,4,256,6000,8.0,2633729,3,3,9976,3104,800015,3,11,18011,4610816,0.407,8000,0.02158894,0.0208368,0.00593294,-0.00075213,0.35,0.58485,22.93586467
warm_all,1,1,0,0.0003,0.1,512,3,5,4,256,6000,8.0,2633729,3,3,9976,3104,800015,3,12,18012,4611072,0.444,8000,0.02050325,0.02157982,0.00657324,0.00107657,0.35,0.58485,22.9371524
warm_all,1,1,0,0.0003,0.1,512,3,5,4,256,6000,8.0,2633729,3,3,9976,3104,800015,3,14,18014,4611584,0.514,8000,0.02155755,0.02080573,0.00574043,-0.00075183,0.4,0.6684,22.94111092
warm_all,1,1,0,0.0003,0.1,512,3,5,4,256,6000,8.0,2633729,3,3,9976,3104,800015,3,16,18016,4612096,0.554,8000,0.02014027,0.01895939,0.00411246,-0.00118088,0.5,0.8355,22.94649462
warm_all,1,1,0,0.0003,0.1,512,3,5,4,256,6000,8.0,2633729,3,3,9976,3104,800015,3,19,18019,4612864,0.595,8000,0.01879751,0.01950403,0.00522053,0.00070652,0.45,0.75195,22.95624008
warm_all,1,1,0,0.0003,0.1,512,3,5,4,256,6000,8.0,2633729,3,3,9976,3104,800015,3,22,18022,4613632,0.636,8000,0.01897292,0.01791563,0.00418544,-0.00105729,0.6,1.0026,22.96370058
warm_all,1,1,0,0.0003,0.1,512,3,5,4,256,6000,8.0,2633729,3,3,9976,3104,800015,3,26,18026,4614656,0.679,8000,0.01799255,0.01772016,0.00474863,-0.00027239,0.6,1.0026,22.97281751
warm_all,1,1,0,0.0003,0.1,512,3,5,4,256,6000,8.0,2633729,3,3,9976,3104,800015,3,30,18030,4615680,0.723,8000,0.01723837,0.01724034,0.00519185,1.97e-06,0.6,1.0026,22.98500658
warm_all,1,1,0,0.0003,0.1,512,3,5,4,256,6000,8.0,2633729,3,3,9976,3104,800015,3,34,18034,4616704,0.766,8000,0.01671373,0.01670388,0.00531005,-9.85e-06,0.65,1.08615,22.99675183
warm_all,1,1,0,0.0003,0.1,512,3,5,4,256,6000,8.0,2633729,3,3,9976,3104,800015,3,40,18040,4618240,0.813,8000,0.01627482,0.01603116,0.00616339,-0.00024366,0.7,1.1697,23.01153004
warm_all,1,1,0,0.0003,0.1,512,3,5,4,256,6000,8.0,2633729,3,3,9976,3104,800015,3,46,18046,4619776,0.86,8000,0.0156304,0.01567217,0.00711003,4.177e-05,0.7,1.1697,23.02543596
warm_all,1,1,0,0.0003,0.1,512,3,5,4,256,6000,8.0,2633729,3,3,9976,3104,800015,3,54,18054,4621824,0.911,8000,0.01541284,0.01528448,0.00788991,-0.00012836,0.75,1.25325,23.0376657
warm_all,1,1,0,0.0003,0.1,512,3,5,4,256,6000,8.0,2633729,3,3,9976,3104,800015,3,62,18062,4623872,0.992,8000,0.01502969,0.01519523,0.00831328,0.00016554,0.7,1.1697,23.04556422
warm_all,1,1,0,0.0003,0.1,512,3,5,4,256,6000,8.0,2633729,3,3,9976,3104,800015,3,72,18072,4626432,1.048,8000,0.01491544,0.01490999,0.0080599,-5.45e-06,0.8,1.3368,23.05212199
warm_all,1,1,0,0.0003,0.1,512,3,5,4,256,6000,8.0,2633729,3,3,9976,3104,800015,3,83,18083,4629248,1.105,8000,0.01474092,0.01478125,0.00788296,4.033e-05,0.8,1.3368,23.0565408
warm_all,1,1,0,0.0003,0.1,512,3,5,4,256,6000,8.0,2633729,3,3,9976,3104,800015,3,97,18097,4632832,1.168,8000,0.01467351,0.01465034,0.00788611,-2.317e-05,0.75,1.25325,23.06437221
warm_all,1,1,0,0.0003,0.1,512,3,5,4,256,6000,8.0,2633729,3,3,9976,3104,800015,3,112,18112,4636672,1.233,8000,0.01454104,0.01461168,0.00787274,7.064e-05,0.8,1.3368,23.07341306
warm_all,1,1,0,0.0003,0.1,512,3,5,4,256,6000,8.0,2633729,3,3,9976,3104,800015,3,130,18130,4641280,1.304,8000,0.01433831,0.01446341,0.00799443,0.00012511,0.8,1.3368,23.0862077
warm_all,1,1,0,0.0003,0.1,512,3,5,4,256,6000,8.0,2633729,3,3,9976,3104,800015,3,150,18150,4646400,1.379,8000,0.01424472,0.01426944,0.0078603,2.472e-05,0.85,1.42035,23.09829247
warm_all,1,1,0,0.0003,0.1,512,3,5,4,256,6000,8.0,2633729,3,3,9976,3104,800015,3,174,18174,4652544,1.462,8000,0.01409208,0.01405673,0.00796926,-3.535e-05,0.85,1.42035,23.1152835
warm_all,1,1,0,0.0003,0.1,512,3,5,4,256,6000,8.0,2633729,3,3,9976,3104,800015,3,202,18202,4659712,1.553,8000,0.01405206,0.01427071,0.00799708,0.00021865,0.75,1.25325,23.12956801
warm_all,1,1,0,0.0003,0.1,512,3,5,4,256,6000,8.0,2633729,3,3,9976,3104,800015,3,234,18234,4667904,1.652,8000,0.01396707,0.0139295,0.00787007,-3.757e-05,0.85,1.42035,23.15033591
warm_all,1,1,0,0.0003,0.1,512,3,5,4,256,6000,8.0,2633729,3,3,9976,3104,800015,3,271,18271,4677376,1.791,8000,0.01373937,0.01374866,0.00794089,9.3e-06,0.85,1.42035,23.17402532
warm_all,1,1,0,0.0003,0.1,512,3,5,4,256,6000,8.0,2633729,3,3,9976,3104,800015,3,314,18314,4688384,1.912,8000,0.01370195,0.01368031,0.00784867,-2.164e-05,0.85,1.42035,23.19720704
warm_all,1,1,0,0.0003,0.1,512,3,5,4,256,6000,8.0,2633729,3,3,9976,3104,800015,3,364,18364,4701184,2.047,8000,0.0135979,0.01361888,0.00785204,2.097e-05,0.85,1.42035,23.22249289
warm_all,1,1,0,0.0003,0.1,512,3,5,4,256,6000,8.0,2633729,3,3,9976,3104,800015,3,422,18422,4716032,2.198,8000,0.01346308,0.01357098,0.00809056,0.0001079,0.9,1.5039,23.25284724
warm_all,1,1,0,0.0003,0.1,512,3,5,4,256,6000,8.0,2633729,3,3,9976,3104,800015,3,489,18489,4733184,2.368,8000,0.01347003,0.01345242,0.00790275,-1.761e-05,0.95,1.58745,23.28487605
warm_all,1,1,0,0.0003,0.1,512,3,5,4,256,6000,8.0,2633729,3,3,9976,3104,800015,3,567,18567,4753152,2.561,8000,0.01330381,0.01351952,0.0082529,0.00021571,0.8,1.3368,23.31948917
warm_all,1,1,0,0.0003,0.1,512,3,5,4,256,6000,8.0,2633729,3,3,9976,3104,800015,3,657,18657,4776192,2.776,8000,0.0133007,0.01340462,0.00794931,0.00010392,0.95,1.58745,23.35694417
warm_all,1,1,0,0.0003,0.1,512,3,5,4,256,6000,8.0,2633729,3,3,9976,3104,800015,3,761,18761,4802816,3.018,8000,0.01321809,0.01328228,0.00810839,6.419e-05,0.9,1.5039,23.40101981
warm_all,1,1,0,0.0003,0.1,512,3,5,4,256,6000,8.0,2633729,3,3,9976,3104,800015,3,882,18882,4833792,3.295,8000,0.013156,0.01326656,0.00805344,0.00011057,0.9,1.5039,23.44876772
warm_all,1,1,0,0.0003,0.1,512,3,5,4,256,6000,8.0,2633729,3,3,9976,3104,800015,3,1023,19023,4869888,3.612,8000,0.01315888,0.01323854,0.00807854,7.966e-05,0.9,1.5039,23.50864373
warm_all,1,1,0,0.0003,0.1,512,3,5,4,256,6000,8.0,2633729,3,3,9976,3104,800015,3,1185,19185,4911360,4.0,8000,0.01309084,0.01324546,0.00816504,0.00015462,0.95,1.58745,23.57516163
warm_all,1,1,0,0.0003,0.1,512,3,5,4,256,6000,8.0,2633729,3,3,9976,3104,800015,3,1373,19373,4959488,4.41,8000,0.01306009,0.01323842,0.00806092,0.00017833,0.85,1.42035,23.65266695
warm_all,1,1,0,0.0003,0.1,512,3,5,4,256,6000,8.0,2633729,3,3,9976,3104,800015,3,1592,19592,5015552,4.881,8000,0.01300034,0.01308999,0.00808731,8.965e-05,0.9,1.5039,23.73343929
warm_all,1,1,0,0.0003,0.1,512,3,5,4,256,6000,8.0,2633729,3,3,9976,3104,800015,3,1844,19844,5080064,5.419,8000,0.0129615,0.01312585,0.00813733,0.00016435,0.95,1.58745,23.83249397
warm_all,1,1,0,0.0003,0.1,512,3,5,4,256,6000,8.0,2633729,3,3,9976,3104,800015,3,2137,20137,5155072,6.038,8000,0.01293828,0.01309488,0.00830827,0.0001566,0.9,1.5039,23.95019038
warm_all,1,1,0,0.0003,0.1,512,3,5,4,256,6000,8.0,2633729,3,3,9976,3104,800015,3,2477,20477,5242112,6.75,8000,0.01290585,0.01314224,0.0083347,0.00023639,0.9,1.5039,24.09267196
warm_all,1,1,0,0.0003,0.1,512,3,5,4,256,6000,8.0,2633729,3,3,9976,3104,800015,3,2871,20871,5342976,7.571,8000,0.01286882,0.01307987,0.00827701,0.00021105,0.9,1.5039,24.27150223
warm_all,1,1,0,0.0003,0.1,512,3,5,4,256,6000,8.0,2633729,3,3,9976,3104,800015,3,3327,21327,5459712,8.518,8000,0.01283639,0.01308111,0.0081988,0.00024473,0.95,1.58745,24.48493859
warm_all,1,1,0,0.0003,0.1,512,3,5,4,256,6000,8.0,2633729,3,3,9976,3104,800015,3,3855,21855,5594880,9.607,8000,0.01280857,0.01307505,0.00843371,0.00026647,0.9,1.5039,24.76215577
warm_all,1,1,0,0.0003,0.1,512,3,5,4,256,6000,8.0,2633729,3,3,9976,3104,800015,3,4468,22468,5751808,10.865,8000,0.01276736,0.01304561,0.00823169,0.00027824,0.9,1.5039,25.11807929
warm_all,1,1,0,0.0003,0.1,512,3,5,4,256,6000,8.0,2633729,3,3,9976,3104,800015,3,5177,23177,5933312,12.343,8000,0.01273649,0.01312949,0.0084238,0.00039301,0.85,1.42035,25.61092724
warm_all,1,1,0,0.0003,0.1,512,3,5,4,256,6000,8.0,2633729,3,3,9976,3104,800015,3,6000,24000,6144000,14.019,8000,0.0126851,0.01308335,0.00853447,0.00039825,0.9,1.5039,26.31439329
warm_all,1,1,0,0.0003,0.1,512,3,5,4,256,6000,8.0,2633729,3,3,9976,3105,800016,4,1,24001,6144256,0.038,10000,0.01829936,0.04371895,0.02966975,0.02541959,0.1,0.1671,22.95717449
warm_all,1,1,0,0.0003,0.1,512,3,5,4,256,6000,8.0,2633729,3,3,9976,3105,800016,4,2,24002,6144512,0.107,10000,0.04289926,0.02444246,0.01081667,-0.0184568,0.3,0.5013,22.9549034
warm_all,1,1,0,0.0003,0.1,512,3,5,4,256,6000,8.0,2633729,3,3,9976,3105,800016,4,3,24003,6144768,0.146,10000,0.02497883,0.02241958,0.00820264,-0.00255926,0.3,0.5013,22.95288182
warm_all,1,1,0,0.0003,0.1,512,3,5,4,256,6000,8.0,2633729,3,3,9976,3105,800016,4,4,24004,6145024,0.183,10000,0.02252859,0.0259746,0.01109018,0.00344601,0.25,0.41775,22.95217878
warm_all,1,1,0,0.0003,0.1,512,3,5,4,256,6000,8.0,2633729,3,3,9976,3105,800016,4,5,24005,6145280,0.221,10000,0.02609235,0.02590869,0.01066483,-0.00018366,0.25,0.41775,22.95219573
warm_all,1,1,0,0.0003,0.1,512,3,5,4,256,6000,8.0,2633729,3,3,9976,3105,800016,4,6,24006,6145536,0.259,10000,0.02555167,0.02298618,0.00763278,-0.00256549,0.35,0.58485,22.95326269
warm_all,1,1,0,0.0003,0.1,512,3,5,4,256,6000,8.0,2633729,3,3,9976,3105,800016,4,7,24007,6145792,0.297,10000,0.0229306,0.02088741,0.00555731,-0.00204319,0.4,0.6684,22.95584739
warm_all,1,1,0,0.0003,0.1,512,3,5,4,256,6000,8.0,2633729,3,3,9976,3105,800016,4,8,24008,6146048,0.335,10000,0.02069995,0.02111095,0.00586685,0.000411,0.35,0.58485,22.95965476
warm_all,1,1,0,0.0003,0.1,512,3,5,4,256,6000,8.0,2633729,3,3,9976,3105,800016,4,9,24009,6146304,0.372,10000,0.02102212,0.02173436,0.00656035,0.00071224,0.35,0.58485,22.96333306
warm_all,1,1,0,0.0003,0.1,512,3,5,4,256,6000,8.0,2633729,3,3,9976,3105,800016,4,11,24011,6146816,0.412,10000,0.02129538,0.02057404,0.00541013,-0.00072134,0.45,0.75195,22.9692084
warm_all,1,1,0,0.0003,0.1,512,3,5,4,256,6000,8.0,2633729,3,3,9976,3105,800016,4,12,24012,6147072,0.451,10000,0.02021393,0.01966832,0.00449419,-0.0005456,0.5,0.8355,22.97165613
warm_all,1,1,0,0.0003,0.1,512,3,5,4,256,6000,8.0,2633729,3,3,9976,3105,800016,4,14,24014,6147584,0.521,10000,0.01955208,0.01962087,0.00446573,6.878e-05,0.4,0.6684,22.976136
warm_all,1,1,0,0.0003,0.1,512,3,5,4,256,6000,8.0,2633729,3,3,9976,3105,800016,4,16,24016,6148096,0.561,10000,0.01994607,0.01934778,0.00444507,-0.00059829,0.45,0.75195,22.97978146
warm_all,1,1,0,0.0003,0.1,512,3,5,4,256,6000,8.0,2633729,3,3,9976,3105,800016,4,19,24019,6148864,0.604,10000,0.01855795,0.01818905,0.00417984,-0.0003689,0.5,0.8355,22.98687466
warm_all,1,1,0,0.0003,0.1,512,3,5,4,256,6000,8.0,2633729,3,3,9976,3105,800016,4,22,24022,6149632,0.645,10000,0.01833459,0.01797689,0.00461368,-0.0003577,0.5,0.8355,22.99702005
warm_all,1,1,0,0.0003,0.1,512,3,5,4,256,6000,8.0,2633729,3,3,9976,3105,800016,4,26,24026,6150656,0.689,10000,0.01731916,0.01728452,0.00457433,-3.464e-05,0.6,1.0026,23.01021172
warm_all,1,1,0,0.0003,0.1,512,3,5,4,256,6000,8.0,2633729,3,3,9976,3105,800016,4,30,24030,6151680,0.732,10000,0.01687334,0.01666322,0.0053036,-0.00021011,0.6,1.0026,23.02147854
warm_all,1,1,0,0.0003,0.1,512,3,5,4,256,6000,8.0,2633729,3,3,9976,3105,800016,4,34,24034,6152704,0.776,10000,0.01641175,0.01610132,0.00561427,-0.00031044,0.7,1.1697,23.03279117
warm_all,1,1,0,0.0003,0.1,512,3,5,4,256,6000,8.0,2633729,3,3,9976,3105,800016,4,40,24040,6154240,0.823,10000,0.01576461,0.01548107,0.00660367,-0.00028354,0.75,1.25325,23.05009696
warm_all,1,1,0,0.0003,0.1,512,3,5,4,256,6000,8.0,2633729,3,3,9976,3105,800016,4,46,24046,6155776,0.871,10000,0.01542498,0.0153396,0.00764358,-8.538e-05,0.75,1.25325,23.06195759
warm_all,1,1,0,0.0003,0.1,512,3,5,4,256,6000,8.0,2633729,3,3,9976,3105,800016,4,54,24054,6157824,0.922,10000,0.01515362,0.01504242,0.00824254,-0.00011121,0.8,1.3368,23.07105166
warm_all,1,1,0,0.0003,0.1,512,3,5,4,256,6000,8.0,2633729,3,3,9976,3105,800016,4,62,24062,6159872,1.004,10000,0.01485505,0.01506585,0.00841796,0.0002108,0.8,1.3368,23.07702624
warm_all,1,1,0,0.0003,0.1,512,3,5,4,256,6000,8.0,2633729,3,3,9976,3105,800016,4,72,24072,6162432,1.059,10000,0.01480163,0.01469722,0.00785793,-0.00010441,0.85,1.42035,23.08155595
warm_all,1,1,0,0.0003,0.1,512,3,5,4,256,6000,8.0,2633729,3,3,9976,3105,800016,4,83,24083,6165248,1.117,10000,0.01469213,0.01482602,0.00799662,0.00013389,0.8,1.3368,23.08748581
warm_all,1,1,0,0.0003,0.1,512,3,5,4,256,6000,8.0,2633729,3,3,9976,3105,800016,4,97,24097,6168832,1.18,10000,0.01447413,0.01465704,0.00792377,0.00018291,0.9,1.5039,23.0968803
warm_all,1,1,0,0.0003,0.1,512,3,5,4,256,6000,8.0,2633729,3,3,9976,3105,800016,4,112,24112,6172672,1.245,10000,0.01448661,0.01436497,0.00776081,-0.00012164,0.8,1.3368,23.10585658
warm_all,1,1,0,0.0003,0.1,512,3,5,4,256,6000,8.0,2633729,3,3,9976,3105,800016,4,130,24130,6177280,1.317,10000,0.01430561,0.0142102,0.00791465,-9.541e-05,0.95,1.58745,23.11928019
warm_all,1,1,0,0.0003,0.1,512,3,5,4,256,6000,8.0,2633729,3,3,9976,3105,800016,4,150,24150,6182400,1.392,10000,0.01405842,0.01467894,0.00828036,0.00062052,0.75,1.25325,23.1318038
warm_all,1,1,0,0.0003,0.1,512,3,5,4,256,6000,8.0,2633729,3,3,9976,3105,800016,4,174,24174,6188544,1.476,10000,0.01417036,0.01418161,0.00786403,1.125e-05,0.85,1.42035,23.14761032
warm_all,1,1,0,0.0003,0.1,512,3,5,4,256,6000,8.0,2633729,3,3,9976,3105,800016,4,202,24202,6195712,1.567,10000,0.01400426,0.01408739,0.00785924,8.314e-05,0.8,1.3368,23.16550173
warm_all,1,1,0,0.0003,0.1,512,3,5,4,256,6000,8.0,2633729,3,3,9976,3105,800016,4,234,24234,6203904,1.666,10000,0.01378782,0.01372885,0.00790178,-5.896e-05,0.9,1.5039,23.18776758
warm_all,1,1,0,0.0003,0.1,512,3,5,4,256,6000,8.0,2633729,3,3,9976,3105,800016,4,271,24271,6213376,1.805,10000,0.0136613,0.01427852,0.00842853,0.00061722,0.8,1.3368,23.20990928
warm_all,1,1,0,0.0003,0.1,512,3,5,4,256,6000,8.0,2633729,3,3,9976,3105,800016,4,314,24314,6224384,1.926,10000,0.01365701,0.0136809,0.0079155,2.389e-05,0.95,1.58745,23.23425294
warm_all,1,1,0,0.0003,0.1,512,3,5,4,256,6000,8.0,2633729,3,3,9976,3105,800016,4,364,24364,6237184,2.061,10000,0.01350008,0.01346395,0.00783555,-3.613e-05,0.95,1.58745,23.26334486
warm_all,1,1,0,0.0003,0.1,512,3,5,4,256,6000,8.0,2633729,3,3,9976,3105,800016,4,422,24422,6252032,2.212,10000,0.01342833,0.0136936,0.00820284,0.00026526,0.75,1.25325,23.29226835
warm_all,1,1,0,0.0003,0.1,512,3,5,4,256,6000,8.0,2633729,3,3,9976,3105,800016,4,489,24489,6269184,2.381,10000,0.01342227,0.01345333,0.00814514,3.106e-05,0.9,1.5039,23.32665997
warm_all,1,1,0,0.0003,0.1,512,3,5,4,256,6000,8.0,2633729,3,3,9976,3105,800016,4,567,24567,6289152,2.572,10000,0.01326041,0.01327203,0.00814452,1.162e-05,0.9,1.5039,23.36299949
warm_all,1,1,0,0.0003,0.1,512,3,5,4,256,6000,8.0,2633729,3,3,9976,3105,800016,4,657,24657,6312192,2.787,10000,0.01324938,0.01336413,0.00807338,0.00011475,0.9,1.5039,23.40207825
warm_all,1,1,0,0.0003,0.1,512,3,5,4,256,6000,8.0,2633729,3,3,9976,3105,800016,4,761,24761,6338816,3.029,10000,0.01316967,0.0132299,0.00809333,6.024e-05,0.95,1.58745,23.44862572
warm_all,1,1,0,0.0003,0.1,512,3,5,4,256,6000,8.0,2633729,3,3,9976,3105,800016,4,882,24882,6369792,3.305,10000,0.01316554,0.01325748,0.00802438,9.194e-05,0.9,1.5039,23.49833606
warm_all,1,1,0,0.0003,0.1,512,3,5,4,256,6000,8.0,2633729,3,3,9976,3105,800016,4,1023,25023,6405888,3.622,10000,0.01313958,0.01320452,0.00806036,6.494e-05,0.9,1.5039,23.56704926
warm_all,1,1,0,0.0003,0.1,512,3,5,4,256,6000,8.0,2633729,3,3,9976,3105,800016,4,1185,25185,6447360,4.009,10000,0.013054,0.01314571,0.00818213,9.171e-05,0.95,1.58745,23.63127737
warm_all,1,1,0,0.0003,0.1,512,3,5,4,256,6000,8.0,2633729,3,3,9976,3105,800016,4,1373,25373,6495488,4.419,10000,0.01299532,0.01322314,0.00836877,0.00022782,0.95,1.58745,23.70454985
warm_all,1,1,0,0.0003,0.1,512,3,5,4,256,6000,8.0,2633729,3,3,9976,3105,800016,4,1592,25592,6551552,4.89,10000,0.01299438,0.01309483,0.00817748,0.00010045,0.9,1.5039,23.79190768
warm_all,1,1,0,0.0003,0.1,512,3,5,4,256,6000,8.0,2633729,3,3,9976,3105,800016,4,1844,25844,6616064,5.428,10000,0.01295536,0.01316008,0.00825723,0.00020472,0.95,1.58745,23.88845522
warm_all,1,1,0,0.0003,0.1,512,3,5,4,256,6000,8.0,2633729,3,3,9976,3105,800016,4,2137,26137,6691072,6.046,10000,0.01292888,0.01316532,0.00826633,0.00023644,0.95,1.58745,24.00808488
warm_all,1,1,0,0.0003,0.1,512,3,5,4,256,6000,8.0,2633729,3,3,9976,3105,800016,4,2477,26477,6778112,6.758,10000,0.01289372,0.01313655,0.0082123,0.00024283,0.8,1.3368,24.14938318
warm_all,1,1,0,0.0003,0.1,512,3,5,4,256,6000,8.0,2633729,3,3,9976,3105,800016,4,2871,26871,6878976,7.577,10000,0.01287856,0.01306181,0.00799572,0.00018324,0.95,1.58745,24.32278029
warm_all,1,1,0,0.0003,0.1,512,3,5,4,256,6000,8.0,2633729,3,3,9976,3105,800016,4,3327,27327,6995712,8.519,10000,0.012844,0.0129978,0.00819428,0.0001538,0.95,1.58745,24.53592282
warm_all,1,1,0,0.0003,0.1,512,3,5,4,256,6000,8.0,2633729,3,3,9976,3105,800016,4,3855,27855,7130880,9.605,10000,0.0127989,0.01307625,0.00816879,0.00027735,0.9,1.5039,24.79326626
warm_all,1,1,0,0.0003,0.1,512,3,5,4,256,6000,8.0,2633729,3,3,9976,3105,800016,4,4468,28468,7287808,10.86,10000,0.01277698,0.01307992,0.00809985,0.00030294,0.95,1.58745,25.1425567
warm_all,1,1,0,0.0003,0.1,512,3,5,4,256,6000,8.0,2633729,3,3,9976,3105,800016,4,5177,29177,7469312,12.336,10000,0.01274978,0.01318828,0.00886891,0.0004385,0.9,1.5039,25.60052293
warm_all,1,1,0,0.0003,0.1,512,3,5,4,256,6000,8.0,2633729,3,3,9976,3105,800016,4,6000,30000,7680000,14.009,10000,0.0127151,0.01305394,0.00830648,0.00033884,0.95,1.58745,26.2315451
warm_all,1,1,0,0.0003,0.1,512,3,5,4,256,6000,8.0,2633729,3,3,9976,3106,800017,5,1,30001,7680256,0.038,12000,0.01786513,0.04299672,0.02848411,0.02513159,0.1,0.1671,22.99790341
warm_all,1,1,0,0.0003,0.1,512,3,5,4,256,6000,8.0,2633729,3,3,9976,3106,800017,5,2,30002,7680512,0.107,12000,0.04398163,0.02342743,0.00941949,-0.0205542,0.25,0.41775,22.99614372
warm_all,1,1,0,0.0003,0.1,512,3,5,4,256,6000,8.0,2633729,3,3,9976,3106,800017,5,3,30003,7680768,0.145,12000,0.0231782,0.02605528,0.01243801,0.00287708,0.2,0.3342,22.99450225
warm_all,1,1,0,0.0003,0.1,512,3,5,4,256,6000,8.0,2633729,3,3,9976,3106,800017,5,4,30004,7681024,0.183,12000,0.02611585,0.02234058,0.00868629,-0.00377526,0.25,0.41775,22.99302744
warm_all,1,1,0,0.0003,0.1,512,3,5,4,256,6000,8.0,2633729,3,3,9976,3106,800017,5,5,30005,7681280,0.221,12000,0.0222086,0.02174908,0.00781501,-0.00045952,0.3,0.5013,22.99322265
warm_all,1,1,0,0.0003,0.1,512,3,5,4,256,6000,8.0,2633729,3,3,9976,3106,800017,5,6,30006,7681536,0.258,12000,0.02215469,0.02385143,0.00959291,0.00169674,0.25,0.41775,22.99449915
warm_all,1,1,0,0.0003,0.1,512,3,5,4,256,6000,8.0,2633729,3,3,9976,3106,800017,5,7,30007,7681792,0.295,12000,0.02387211,0.02270814,0.00822746,-0.00116397,0.3,0.5013,22.99586182
warm_all,1,1,0,0.0003,0.1,512,3,5,4,256,6000,8.0,2633729,3,3,9976,3106,800017,5,8,30008,7682048,0.333,12000,0.02249173,0.02037306,0.00578599,-0.00211867,0.35,0.58485,22.99770798
warm_all,1,1,0,0.0003,0.1,512,3,5,4,256,6000,8.0,2633729,3,3,9976,3106,800017,5,9,30009,7682304,0.372,12000,0.0201555,0.01995846,0.00535271,-0.00019704,0.4,0.6684,23.00048937
warm_all,1,1,0,0.0003,0.1,512,3,5,4,256,6000,8.0,2633729,3,3,9976,3106,800017,5,11,30011,7682816,0.411,12000,0.01995822,0.02000329,0.00544367,4.508e-05,0.4,0.6684,23.00740155
warm_all,1,1,0,0.0003,0.1,512,3,5,4,256,6000,8.0,2633729,3,3,9976,3106,800017,5,12,30012,7683072,0.449,12000,0.0199998,0.01912288,0.00458194,-0.00087692,0.45,0.75195,23.01086012
warm_all,1,1,0,0.0003,0.1,512,3,5,4,256,6000,8.0,2633729,3,3,9976,3106,800017,5,14,30014,7683584,0.519,12000,0.01950205,0.01969101,0.00530829,0.00018896,0.45,0.75195,23.01726846
warm_all,1,1,0,0.0003,0.1,512,3,5,4,256,6000,8.0,2633729,3,3,9976,3106,800017,5,16,30016,7684096,0.558,12000,0.0197422,0.01877245,0.00468639,-0.00096975,0.5,0.8355,23.02135559
warm_all,1,1,0,0.0003,0.1,512,3,5,4,256,6000,8.0,2633729,3,3,9976,3106,800017,5,19,30019,7684864,0.6,12000,0.01824722,0.01809236,0.00447629,-0.00015486,0.6,1.0026,23.02645902
warm_all,1,1,0,0.0003,0.1,512,3,5,4,256,6000,8.0,2633729,3,3,9976,3106,800017,5,22,30022,7685632,0.642,12000,0.0177906,0.01755257,0.00448262,-0.00023804,0.6,1.0026,23.03370208
warm_all,1,1,0,0.0003,0.1,512,3,5,4,256,6000,8.0,2633729,3,3,9976,3106,800017,5,26,30026,7686656,0.685,12000,0.01716393,0.01692048,0.00482613,-0.00024345,0.6,1.0026,23.0461972
warm_all,1,1,0,0.0003,0.1,512,3,5,4,256,6000,8.0,2633729,3,3,9976,3106,800017,5,30,30030,7687680,0.728,12000,0.01667267,0.01649942,0.0050459,-0.00017325,0.65,1.08615,23.05785368
warm_all,1,1,0,0.0003,0.1,512,3,5,4,256,6000,8.0,2633729,3,3,9976,3106,800017,5,34,30034,7688704,0.772,12000,0.01620902,0.01607046,0.00569569,-0.00013856,0.75,1.25325,23.06827661
warm_all,1,1,0,0.0003,0.1,512,3,5,4,256,6000,8.0,2633729,3,3,9976,3106,800017,5,40,30040,7690240,0.819,12000,0.01572328,0.01573752,0.00657227,1.425e-05,0.7,1.1697,23.08331133
warm_all,1,1,0,0.0003,0.1,512,3,5,4,256,6000,8.0,2633729,3,3,9976,3106,800017,5,46,30046,7691776,0.867,12000,0.01545454,0.01540286,0.0072879,-5.168e-05,0.75,1.25325,23.0950722
warm_all,1,1,0,0.0003,0.1,512,3,5,4,256,6000,8.0,2633729,3,3,9976,3106,800017,5,54,30054,7693824,0.918,12000,0.01520017,0.01510072,0.00786558,-9.945e-05,0.75,1.25325,23.10652767
warm_all,1,1,0,0.0003,0.1,512,3,5,4,256,6000,8.0,2633729,3,3,9976,3106,800017,5,62,30062,7695872,0.999,12000,0.01495427,0.01491956,0.00801692,-3.471e-05,0.85,1.42035,23.1137307
warm_all,1,1,0,0.0003,0.1,512,3,5,4,256,6000,8.0,2633729,3,3,9976,3106,800017,5,72,30072,7698432,1.055,12000,0.01476183,0.01479912,0.00777246,3.729e-05,0.8,1.3368,23.11829944
warm_all,1,1,0,0.0003,0.1,512,3,5,4,256,6000,8.0,2633729,3,3,9976,3106,800017,5,83,30083,7701248,1.112,12000,0.01459331,0.0147101,0.00774585,0.0001168,0.85,1.42035,23.12507543
warm_all,1,1,0,0.0003,0.1,512,3,5,4,256,6000,8.0,2633729,3,3,9976,3106,800017,5,97,30097,7704832,1.176,12000,0.01455764,0.01462341,0.00776538,6.577e-05,0.75,1.25325,23.13465322
warm_all,1,1,0,0.0003,0.1,512,3,5,4,256,6000,8.0,2633729,3,3,9976,3106,800017,5,112,30112,7708672,1.241,12000,0.01450816,0.01443623,0.00769124,-7.192e-05,0.85,1.42035,23.14386572
warm_all,1,1,0,0.0003,0.1,512,3,5,4,256,6000,8.0,2633729,3,3,9976,3106,800017,5,130,30130,7713280,1.312,12000,0.01427841,0.01457013,0.00803696,0.00029172,0.75,1.25325,23.15861978
warm_all,1,1,0,0.0003,0.1,512,3,5,4,256,6000,8.0,2633729,3,3,9976,3106,800017,5,150,30150,7718400,1.387,12000,0.01429524,0.01436999,0.00791467,7.475e-05,0.8,1.3368,23.17051352
warm_all,1,1,0,0.0003,0.1,512,3,5,4,256,6000,8.0,2633729,3,3,9976,3106,800017,5,174,30174,7724544,1.47,12000,0.01410972,0.01402576,0.00774788,-8.395e-05,0.9,1.5039,23.188167
warm_all,1,1,0,0.0003,0.1,512,3,5,4,256,6000,8.0,2633729,3,3,9976,3106,800017,5,202,30202,7731712,1.561,12000,0.01405906,0.01427268,0.00807119,0.00021362,0.85,1.42035,23.20810147
warm_all,1,1,0,0.0003,0.1,512,3,5,4,256,6000,8.0,2633729,3,3,9976,3106,800017,5,234,30234,7739904,1.663,12000,0.01384622,0.01383856,0.00789516,-7.66e-06,0.85,1.42035,23.2316736
warm_all,1,1,0,0.0003,0.1,512,3,5,4,256,6000,8.0,2633729,3,3,9976,3106,800017,5,271,30271,7749376,1.803,12000,0.01369739,0.01370437,0.00783938,6.97e-06,0.85,1.42035,23.25710336
warm_all,1,1,0,0.0003,0.1,512,3,5,4,256,6000,8.0,2633729,3,3,9976,3106,800017,5,314,30314,7760384,1.924,12000,0.01365409,0.01359282,0.0079713,-6.127e-05,0.9,1.5039,23.28658629
warm_all,1,1,0,0.0003,0.1,512,3,5,4,256,6000,8.0,2633729,3,3,9976,3106,800017,5,364,30364,7773184,2.059,12000,0.01358608,0.01383984,0.00798623,0.00025376,0.8,1.3368,23.31598091
warm_all,1,1,0,0.0003,0.1,512,3,5,4,256,6000,8.0,2633729,3,3,9976,3106,800017,5,422,30422,7788032,2.21,12000,0.01349501,0.01349353,0.00780784,-1.49e-06,0.9,1.5039,23.35166568
warm_all,1,1,0,0.0003,0.1,512,3,5,4,256,6000,8.0,2633729,3,3,9976,3106,800017,5,489,30489,7805184,2.379,12000,0.01336313,0.01330234,0.00795799,-6.079e-05,0.95,1.58745,23.38988216
warm_all,1,1,0,0.0003,0.1,512,3,5,4,256,6000,8.0,2633729,3,3,9976,3106,800017,5,567,30567,7825152,2.571,12000,0.01325402,0.01331242,0.00813819,5.839e-05,0.85,1.42035,23.42907663
warm_all,1,1,0,0.0003,0.1,512,3,5,4,256,6000,8.0,2633729,3,3,9976,3106,800017,5,657,30657,7848192,2.786,12000,0.01317359,0.01327983,0.00809148,0.00010623,0.9,1.5039,23.46838838
warm_all,1,1,0,0.0003,0.1,512,3,5,4,256,6000,8.0,2633729,3,3,9976,3106,800017,5,761,30761,7874816,3.028,12000,0.01318911,0.01353527,0.00837435,0.00034616,0.9,1.5039,23.51832587
warm_all,1,1,0,0.0003,0.1,512,3,5,4,256,6000,8.0,2633729,3,3,9976,3106,800017,5,882,30882,7905792,3.305,12000,0.01314999,0.01334888,0.00793464,0.00019889,1.0,1.671,23.56973572
warm_all,1,1,0,0.0003,0.1,512,3,5,4,256,6000,8.0,2633729,3,3,9976,3106,800017,5,1023,31023,7941888,3.622,12000,0.01309179,0.01317452,0.0080101,8.273e-05,0.95,1.58745,23.63582715
warm_all,1,1,0,0.0003,0.1,512,3,5,4,256,6000,8.0,2633729,3,3,9976,3106,800017,5,1185,31185,7983360,4.013,12000,0.01303698,0.01339634,0.00815549,0.00035936,0.8,1.3368,23.69997862
warm_all,1,1,0,0.0003,0.1,512,3,5,4,256,6000,8.0,2633729,3,3,9976,3106,800017,5,1373,31373,8031488,4.427,12000,0.01302057,0.01332306,0.00837766,0.00030249,0.85,1.42035,23.78617335
warm_all,1,1,0,0.0003,0.1,512,3,5,4,256,6000,8.0,2633729,3,3,9976,3106,800017,5,1592,31592,8087552,4.9,12000,0.01296425,0.0131503,0.00805465,0.00018605,0.9,1.5039,23.87215907
warm_all,1,1,0,0.0003,0.1,512,3,5,4,256,6000,8.0,2633729,3,3,9976,3106,800017,5,1844,31844,8152064,5.438,12000,0.01293868,0.0132659,0.00843476,0.00032722,0.8,1.3368,23.97437916
warm_all,1,1,0,0.0003,0.1,512,3,5,4,256,6000,8.0,2633729,3,3,9976,3106,800017,5,2137,32137,8227072,6.057,12000,0.01292756,0.01307905,0.00802563,0.0001515,0.95,1.58745,24.0947435
warm_all,1,1,0,0.0003,0.1,512,3,5,4,256,6000,8.0,2633729,3,3,9976,3106,800017,5,2477,32477,8314112,6.77,12000,0.01290488,0.01303516,0.00813274,0.00013028,0.95,1.58745,24.25045096
warm_all,1,1,0,0.0003,0.1,512,3,5,4,256,6000,8.0,2633729,3,3,9976,3106,800017,5,2871,32871,8414976,7.593,12000,0.01286626,0.01299299,0.00802821,0.00012674,0.95,1.58745,24.42438894
warm_all,1,1,0,0.0003,0.1,512,3,5,4,256,6000,8.0,2633729,3,3,9976,3106,800017,5,3327,33327,8531712,8.538,12000,0.01283315,0.0131118,0.00794588,0.00027865,0.95,1.58745,24.62933848
warm_all,1,1,0,0.0003,0.1,512,3,5,4,256,6000,8.0,2633729,3,3,9976,3106,800017,5,3855,33855,8666880,9.625,12000,0.01281977,0.01301331,0.00824372,0.00019354,0.95,1.58745,24.9021731
warm_all,1,1,0,0.0003,0.1,512,3,5,4,256,6000,8.0,2633729,3,3,9976,3106,800017,5,4468,34468,8823808,10.881,12000,0.01278322,0.01299659,0.0083698,0.00021336,0.95,1.58745,25.2351387
warm_all,1,1,0,0.0003,0.1,512,3,5,4,256,6000,8.0,2633729,3,3,9976,3106,800017,5,5177,35177,9005312,12.357,12000,0.01276261,0.01298677,0.00801077,0.00022416,0.95,1.58745,25.68044259
warm_all,1,1,0,0.0003,0.1,512,3,5,4,256,6000,8.0,2633729,3,3,9976,3106,800017,5,6000,36000,9216000,14.033,12000,0.01272765,0.01305647,0.00850991,0.00032882,0.95,1.58745,26.28444954
warm_all,1,1,0,0.0003,0.1,512,3,5,4,256,6000,8.0,2633729,3,3,9976,3107,800018,6,1,36001,9216256,0.038,14000,0.01780863,0.04030402,0.02687652,0.0224954,0.15,0.25065,23.03615369
warm_all,1,1,0,0.0003,0.1,512,3,5,4,256,6000,8.0,2633729,3,3,9976,3107,800018,6,2,36002,9216512,0.107,14000,0.03962126,0.02016673,0.00706629,-0.01945453,0.45,0.75195,23.0331707
warm_all,1,1,0,0.0003,0.1,512,3,5,4,256,6000,8.0,2633729,3,3,9976,3107,800018,6,3,36003,9216768,0.144,14000,0.02028435,0.02397361,0.01093072,0.00368926,0.25,0.41775,23.03255207
warm_all,1,1,0,0.0003,0.1,512,3,5,4,256,6000,8.0,2633729,3,3,9976,3107,800018,6,4,36004,9217024,0.181,14000,0.02352445,0.02410995,0.01077339,0.00058551,0.25,0.41775,23.03231583
warm_all,1,1,0,0.0003,0.1,512,3,5,4,256,6000,8.0,2633729,3,3,9976,3107,800018,6,5,36005,9217280,0.219,14000,0.02415618,0.02105805,0.00729169,-0.00309813,0.4,0.6684,23.0330906
warm_all,1,1,0,0.0003,0.1,512,3,5,4,256,6000,8.0,2633729,3,3,9976,3107,800018,6,6,36006,9217536,0.257,14000,0.0204101,0.02119364,0.00704737,0.00078354,0.4,0.6684,23.03559491
warm_all,1,1,0,0.0003,0.1,512,3,5,4,256,6000,8.0,2633729,3,3,9976,3107,800018,6,7,36007,9217792,0.294,14000,0.02090133,0.02254558,0.00820776,0.00164425,0.3,0.5013,23.03861718
warm_all,1,1,0,0.0003,0.1,512,3,5,4,256,6000,8.0,2633729,3,3,9976,3107,800018,6,8,36008,9218048,0.332,14000,0.0227414,0.0205337,0.00621214,-0.00220769,0.35,0.58485,23.04121003
warm_all,1,1,0,0.0003,0.1,512,3,5,4,256,6000,8.0,2633729,3,3,9976,3107,800018,6,9,36009,9218304,0.371,14000,0.02056906,0.01835839,0.00416863,-0.00221067,0.5,0.8355,23.04408666
warm_all,1,1,0,0.0003,0.1,512,3,5,4,256,6000,8.0,2633729,3,3,9976,3107,800018,6,11,36011,9218816,0.41,14000,0.01818283,0.01988851,0.00591363,0.00170568,0.35,0.58485,23.05123784
warm_all,1,1,0,0.0003,0.1,512,3,5,4,256,6000,8.0,2633729,3,3,9976,3107,800018,6,12,36012,9219072,0.447,14000,0.0204441,0.01974626,0.00577017,-0.00069785,0.35,0.58485,23.0543761
warm_all,1,1,0,0.0003,0.1,512,3,5,4,256,6000,8.0,2633729,3,3,9976,3107,800018,6,14,36014,9219584,0.516,14000,0.01948247,0.01821526,0.00426397,-0.00126721,0.45,0.75195,23.05969033
warm_all,1,1,0,0.0003,0.1,512,3,5,4,256,6000,8.0,2633729,3,3,9976,3107,800018,6,16,36016,9220096,0.556,14000,0.01834142,0.01815457,0.00458381,-0.00018685,0.45,0.75195,23.06455198
warm_all,1,1,0,0.0003,0.1,512,3,5,4,256,6000,8.0,2633729,3,3,9976,3107,800018,6,19,36019,9220864,0.597,14000,0.01807999,0.01734323,0.00461875,-0.00073676,0.55,0.91905,23.07175609
warm_all,1,1,0,0.0003,0.1,512,3,5,4,256,6000,8.0,2633729,3,3,9976,3107,800018,6,22,36022,9221632,0.638,14000,0.01714527,0.01725559,0.00502339,0.00011032,0.6,1.0026,23.0798081
warm_all,1,1,0,0.0003,0.1,512,3,5,4,256,6000,8.0,2633729,3,3,9976,3107,800018,6,26,36026,9222656,0.681,14000,0.01659182,0.01632844,0.00491752,-0.00026338,0.65,1.08615,23.09237561
warm_all,1,1,0,0.0003,0.1,512,3,5,4,256,6000,8.0,2633729,3,3,9976,3107,800018,6,30,36030,9223680,0.724,14000,0.0162301,0.01617697,0.00551748,-5.313e-05,0.7,1.1697,23.1034474
warm_all,1,1,0,0.0003,0.1,512,3,5,4,256,6000,8.0,2633729,3,3,9976,3107,800018,6,34,36034,9224704,0.768,14000,0.0158687,0.01582018,0.00623866,-4.851e-05,0.7,1.1697,23.11311752
warm_all,1,1,0,0.0003,0.1,512,3,5,4,256,6000,8.0,2633729,3,3,9976,3107,800018,6,40,36040,9226240,0.815,14000,0.01534585,0.0154482,0.00701083,0.00010235,0.75,1.25325,23.12667789
warm_all,1,1,0,0.0003,0.1,512,3,5,4,256,6000,8.0,2633729,3,3,9976,3107,800018,6,46,36046,9227776,0.862,14000,0.01515172,0.0152842,0.00765846,0.00013249,0.75,1.25325,23.13630445
warm_all,1,1,0,0.0003,0.1,512,3,5,4,256,6000,8.0,2633729,3,3,9976,3107,800018,6,54,36054,9229824,0.913,14000,0.01510233,0.01496956,0.00787176,-0.00013277,0.85,1.42035,23.14409587
warm_all,1,1,0,0.0003,0.1,512,3,5,4,256,6000,8.0,2633729,3,3,9976,3107,800018,6,62,36062,9231872,0.995,14000,0.01482373,0.01480465,0.00777865,-1.907e-05,0.85,1.42035,23.14843052
warm_all,1,1,0,0.0003,0.1,512,3,5,4,256,6000,8.0,2633729,3,3,9976,3107,800018,6,72,36072,9234432,1.05,14000,0.0147704,0.01480709,0.00768886,3.669e-05,0.8,1.3368,23.15440202
warm_all,1,1,0,0.0003,0.1,512,3,5,4,256,6000,8.0,2633729,3,3,9976,3107,800018,6,83,36083,9237248,1.107,14000,0.01453016,0.01458441,0.00769763,5.425e-05,0.85,1.42035,23.16214867
warm_all,1,1,0,0.0003,0.1,512,3,5,4,256,6000,8.0,2633729,3,3,9976,3107,800018,6,97,36097,9240832,1.17,14000,0.01450306,0.0144824,0.00791588,-2.066e-05,0.8,1.3368,23.17292723
warm_all,1,1,0,0.0003,0.1,512,3,5,4,256,6000,8.0,2633729,3,3,9976,3107,800018,6,112,36112,9244672,1.236,14000,0.0143151,0.01447394,0.00805763,0.00015884,0.85,1.42035,23.18381118
warm_all,1,1,0,0.0003,0.1,512,3,5,4,256,6000,8.0,2633729,3,3,9976,3107,800018,6,130,36130,9249280,1.307,14000,0.01421044,0.01421823,0.00786487,7.79e-06,0.9,1.5039,23.1962543
warm_all,1,1,0,0.0003,0.1,512,3,5,4,256,6000,8.0,2633729,3,3,9976,3107,800018,6,150,36150,9254400,1.382,14000,0.01411569,0.0141055,0.00787993,-1.019e-05,0.85,1.42035,23.21135148
warm_all,1,1,0,0.0003,0.1,512,3,5,4,256,6000,8.0,2633729,3,3,9976,3107,800018,6,174,36174,9260544,1.466,14000,0.01397068,0.01407412,0.00815179,0.00010343,0.85,1.42035,23.23137786
warm_all,1,1,0,0.0003,0.1,512,3,5,4,256,6000,8.0,2633729,3,3,9976,3107,800018,6,202,36202,9267712,1.556,14000,0.01388377,0.01388062,0.00806943,-3.15e-06,0.9,1.5039,23.25289813
warm_all,1,1,0,0.0003,0.1,512,3,5,4,256,6000,8.0,2633729,3,3,9976,3107,800018,6,234,36234,9275904,1.656,14000,0.01378217,0.01401758,0.00809502,0.00023542,0.85,1.42035,23.27674092
warm_all,1,1,0,0.0003,0.1,512,3,5,4,256,6000,8.0,2633729,3,3,9976,3107,800018,6,271,36271,9285376,1.794,14000,0.01366308,0.01358566,0.00792211,-7.743e-05,0.9,1.5039,23.30518362
warm_all,1,1,0,0.0003,0.1,512,3,5,4,256,6000,8.0,2633729,3,3,9976,3107,800018,6,314,36314,9296384,1.915,14000,0.01349956,0.01351428,0.00775094,1.472e-05,0.85,1.42035,23.33352604
warm_all,1,1,0,0.0003,0.1,512,3,5,4,256,6000,8.0,2633729,3,3,9976,3107,800018,6,364,36364,9309184,2.05,14000,0.01357376,0.01366624,0.00788372,9.247e-05,0.8,1.3368,23.36488865
warm_all,1,1,0,0.0003,0.1,512,3,5,4,256,6000,8.0,2633729,3,3,9976,3107,800018,6,422,36422,9324032,2.201,14000,0.01340949,0.01348258,0.00809892,7.309e-05,0.85,1.42035,23.40250842
warm_all,1,1,0,0.0003,0.1,512,3,5,4,256,6000,8.0,2633729,3,3,9976,3107,800018,6,489,36489,9341184,2.37,14000,0.01335479,0.01373896,0.0082038,0.00038416,0.7,1.1697,23.43812316
warm_all,1,1,0,0.0003,0.1,512,3,5,4,256,6000,8.0,2633729,3,3,9976,3107,800018,6,567,36567,9361152,2.561,14000,0.0133056,0.01329563,0.00810674,-9.97e-06,0.95,1.58745,23.48254046
warm_all,1,1,0,0.0003,0.1,512,3,5,4,256,6000,8.0,2633729,3,3,9976,3107,800018,6,657,36657,9384192,2.776,14000,0.01320508,0.01350806,0.00846499,0.00030298,0.85,1.42035,23.5272503
warm_all,1,1,0,0.0003,0.1,512,3,5,4,256,6000,8.0,2633729,3,3,9976,3107,800018,6,761,36761,9410816,3.019,14000,0.01317851,0.01332361,0.00807627,0.0001451,0.85,1.42035,23.5785581
warm_all,1,1,0,0.0003,0.1,512,3,5,4,256,6000,8.0,2633729,3,3,9976,3107,800018,6,882,36882,9441792,3.296,14000,0.01308845,0.01343717,0.00827068,0.00034872,0.95,1.58745,23.63074981
warm_all,1,1,0,0.0003,0.1,512,3,5,4,256,6000,8.0,2633729,3,3,9976,3107,800018,6,1023,37023,9477888,3.613,14000,0.01306244,0.01318706,0.0079965,0.00012462,0.95,1.58745,23.69501722
warm_all,1,1,0,0.0003,0.1,512,3,5,4,256,6000,8.0,2633729,3,3,9976,3107,800018,6,1185,37185,9519360,4.001,14000,0.01302686,0.01318705,0.00825144,0.00016019,0.95,1.58745,23.76271812
warm_all,1,1,0,0.0003,0.1,512,3,5,4,256,6000,8.0,2633729,3,3,9976,3107,800018,6,1373,37373,9567488,4.412,14000,0.01299661,0.01312864,0.00819897,0.00013203,0.9,1.5039,23.83801371
warm_all,1,1,0,0.0003,0.1,512,3,5,4,256,6000,8.0,2633729,3,3,9976,3107,800018,6,1592,37592,9623552,4.884,14000,0.0129854,0.01312598,0.00798973,0.00014059,0.9,1.5039,23.93106659
warm_all,1,1,0,0.0003,0.1,512,3,5,4,256,6000,8.0,2633729,3,3,9976,3107,800018,6,1844,37844,9688064,5.421,14000,0.01293546,0.01313427,0.00838231,0.00019881,0.9,1.5039,24.03596449
warm_all,1,1,0,0.0003,0.1,512,3,5,4,256,6000,8.0,2633729,3,3,9976,3107,800018,6,2137,38137,9763072,6.04,14000,0.01291382,0.01299988,0.00798192,8.606e-05,0.95,1.58745,24.15119783
warm_all,1,1,0,0.0003,0.1,512,3,5,4,256,6000,8.0,2633729,3,3,9976,3107,800018,6,2477,38477,9850112,6.752,14000,0.01287974,0.0131505,0.00807148,0.00027076,0.95,1.58745,24.29241457
warm_all,1,1,0,0.0003,0.1,512,3,5,4,256,6000,8.0,2633729,3,3,9976,3107,800018,6,2871,38871,9950976,7.573,14000,0.01287006,0.01308911,0.00801491,0.00021905,0.95,1.58745,24.46857977
warm_all,1,1,0,0.0003,0.1,512,3,5,4,256,6000,8.0,2633729,3,3,9976,3107,800018,6,3327,39327,10067712,8.517,14000,0.01282933,0.0129891,0.00816205,0.00015976,0.95,1.58745,24.68126058
warm_all,1,1,0,0.0003,0.1,512,3,5,4,256,6000,8.0,2633729,3,3,9976,3107,800018,6,3855,39855,10202880,9.604,14000,0.012817,0.01300305,0.00821106,0.00018606,0.95,1.58745,24.94596788
warm_all,1,1,0,0.0003,0.1,512,3,5,4,256,6000,8.0,2633729,3,3,9976,3107,800018,6,4468,40468,10359808,10.86,14000,0.01278338,0.0129853,0.00798748,0.00020192,0.95,1.58745,25.27099491
warm_all,1,1,0,0.0003,0.1,512,3,5,4,256,6000,8.0,2633729,3,3,9976,3107,800018,6,5177,41177,10541312,12.338,14000,0.01276794,0.01295114,0.00818253,0.0001832,0.95,1.58745,25.70464614
warm_all,1,1,0,0.0003,0.1,512,3,5,4,256,6000,8.0,2633729,3,3,9976,3107,800018,6,6000,42000,10752000,14.013,14000,0.0127343,0.01297298,0.00806077,0.00023868,0.95,1.58745,26.25222562
warm_all,1,1,0,0.0003,0.1,512,3,5,4,256,6000,8.0,2633729,3,3,9976,3108,800019,7,1,42001,10752256,0.039,16000,0.0180453,0.03726274,0.02349436,0.01921744,0.15,0.25065,23.05127272
warm_all,1,1,0,0.0003,0.1,512,3,5,4,256,6000,8.0,2633729,3,3,9976,3108,800019,7,2,42002,10752512,0.107,16000,0.03773696,0.02042568,0.00665753,-0.01731129,0.35,0.58485,23.04934452
warm_all,1,1,0,0.0003,0.1,512,3,5,4,256,6000,8.0,2633729,3,3,9976,3108,800019,7,3,42003,10752768,0.145,16000,0.0202749,0.02142787,0.00786484,0.00115297,0.3,0.5013,23.05059577
warm_all,1,1,0,0.0003,0.1,512,3,5,4,256,6000,8.0,2633729,3,3,9976,3108,800019,7,4,42004,10753024,0.182,16000,0.02139683,0.02470527,0.01131223,0.00330844,0.25,0.41775,23.05207074
warm_all,1,1,0,0.0003,0.1,512,3,5,4,256,6000,8.0,2633729,3,3,9976,3108,800019,7,5,42005,10753280,0.219,16000,0.02487813,0.02247666,0.00906058,-0.00240147,0.3,0.5013,23.05226739
warm_all,1,1,0,0.0003,0.1,512,3,5,4,256,6000,8.0,2633729,3,3,9976,3108,800019,7,6,42006,10753536,0.258,16000,0.02271217,0.01926677,0.00566319,-0.0034454,0.45,0.75195,23.0526626
warm_all,1,1,0,0.0003,0.1,512,3,5,4,256,6000,8.0,2633729,3,3,9976,3108,800019,7,7,42007,10753792,0.296,16000,0.01915938,0.01875215,0.00490409,-0.00040723,0.4,0.6684,23.05412364
warm_all,1,1,0,0.0003,0.1,512,3,5,4,256,6000,8.0,2633729,3,3,9976,3108,800019,7,8,42008,10754048,0.333,16000,0.01859252,0.02012069,0.0060492,0.00152817,0.35,0.58485,23.05652509
warm_all,1,1,0,0.0003,0.1,512,3,5,4,256,6000,8.0,2633729,3,3,9976,3108,800019,7,9,42009,10754304,0.371,16000,0.01968559,0.02089734,0.00665524,0.00121175,0.35,0.58485,23.05904456
warm_all,1,1,0,0.0003,0.1,512,3,5,4,256,6000,8.0,2633729,3,3,9976,3108,800019,7,11,42011,10754816,0.411,16000,0.02036535,0.01847816,0.00435089,-0.00188719,0.5,0.8355,23.06352062
warm_all,1,1,0,0.0003,0.1,512,3,5,4,256,6000,8.0,2633729,3,3,9976,3108,800019,7,12,42012,10755072,0.449,16000,0.01879425,0.01780964,0.00392847,-0.00098461,0.6,1.0026,23.06610929
warm_all,1,1,0,0.0003,0.1,512,3,5,4,256,6000,8.0,2633729,3,3,9976,3108,800019,7,14,42014,10755584,0.519,16000,0.01811886,0.01848048,0.0051237,0.00036162,0.5,0.8355,23.07146507
warm_all,1,1,0,0.0003,0.1,512,3,5,4,256,6000,8.0,2633729,3,3,9976,3108,800019,7,16,42016,10756096,0.558,16000,0.01875229,0.01795447,0.00492905,-0.00079781,0.6,1.0026,23.07571503
warm_all,1,1,0,0.0003,0.1,512,3,5,4,256,6000,8.0,2633729,3,3,9976,3108,800019,7,19,42019,10756864,0.599,16000,0.0173114,0.0171139,0.00447814,-0.0001975,0.6,1.0026,23.08265245
warm_all,1,1,0,0.0003,0.1,512,3,5,4,256,6000,8.0,2633729,3,3,9976,3108,800019,7,22,42022,10757632,0.641,16000,0.01696949,0.01684168,0.00476315,-0.00012781,0.65,1.08615,23.09241493
warm_all,1,1,0,0.0003,0.1,512,3,5,4,256,6000,8.0,2633729,3,3,9976,3108,800019,7,26,42026,10758656,0.684,16000,0.01662144,0.01648204,0.00552031,-0.0001394,0.6,1.0026,23.10543161
warm_all,1,1,0,0.0003,0.1,512,3,5,4,256,6000,8.0,2633729,3,3,9976,3108,800019,7,30,42030,10759680,0.727,16000,0.01587032,0.0160971,0.00605252,0.00022678,0.65,1.08615,23.11742699
warm_all,1,1,0,0.0003,0.1,512,3,5,4,256,6000,8.0,2633729,3,3,9976,3108,800019,7,34,42034,10760704,0.771,16000,0.01577881,0.01560899,0.00651111,-0.00016982,0.7,1.1697,23.12933087
warm_all,1,1,0,0.0003,0.1,512,3,5,4,256,6000,8.0,2633729,3,3,9976,3108,800019,7,40,42040,10762240,0.818,16000,0.01546941,0.01555431,0.00751872,8.491e-05,0.8,1.3368,23.14263653
warm_all,1,1,0,0.0003,0.1,512,3,5,4,256,6000,8.0,2633729,3,3,9976,3108,800019,7,46,42046,10763776,0.866,16000,0.01518472,0.01529288,0.00785662,0.00010816,0.7,1.1697,23.1519402
warm_all,1,1,0,0.0003,0.1,512,3,5,4,256,6000,8.0,2633729,3,3,9976,3108,800019,7,54,42054,10765824,0.917,16000,0.01493748,0.01502702,0.00784238,8.954e-05,0.8,1.3368,23.15762085
warm_all,1,1,0,0.0003,0.1,512,3,5,4,256,6000,8.0,2633729,3,3,9976,3108,800019,7,62,42062,10767872,0.998,16000,0.01498135,0.01488186,0.00769172,-9.949e-05,0.8,1.3368,23.16305089
warm_all,1,1,0,0.0003,0.1,512,3,5,4,256,6000,8.0,2633729,3,3,9976,3108,800019,7,72,42072,10770432,1.054,16000,0.01478113,0.0149108,0.00784497,0.00012968,0.75,1.25325,23.17007305
warm_all,1,1,0,0.0003,0.1,512,3,5,4,256,6000,8.0,2633729,3,3,9976,3108,800019,7,83,42083,10773248,1.111,16000,0.0144743,0.01453927,0.00768229,6.497e-05,0.85,1.42035,23.17957652
warm_all,1,1,0,0.0003,0.1,512,3,5,4,256,6000,8.0,2633729,3,3,9976,3108,800019,7,97,42097,10776832,1.174,16000,0.01445133,0.01455342,0.00777206,0.00010208,0.8,1.3368,23.18998396
warm_all,1,1,0,0.0003,0.1,512,3,5,4,256,6000,8.0,2633729,3,3,9976,3108,800019,7,112,42112,10780672,1.24,16000,0.01436039,0.01431105,0.00754508,-4.934e-05,0.85,1.42035,23.20116554
warm_all,1,1,0,0.0003,0.1,512,3,5,4,256,6000,8.0,2633729,3,3,9976,3108,800019,7,130,42130,10785280,1.311,16000,0.01419376,0.0143788,0.00795821,0.00018504,0.8,1.3368,23.21688387
warm_all,1,1,0,0.0003,0.1,512,3,5,4,256,6000,8.0,2633729,3,3,9976,3108,800019,7,150,42150,10790400,1.386,16000,0.01410537,0.01433212,0.00805364,0.00022675,0.75,1.25325,23.23306179
warm_all,1,1,0,0.0003,0.1,512,3,5,4,256,6000,8.0,2633729,3,3,9976,3108,800019,7,174,42174,10796544,1.469,16000,0.01408091,0.01404264,0.00773527,-3.826e-05,0.9,1.5039,23.25274152
warm_all,1,1,0,0.0003,0.1,512,3,5,4,256,6000,8.0,2633729,3,3,9976,3108,800019,7,202,42202,10803712,1.561,16000,0.01383672,0.01397109,0.00797612,0.00013437,0.85,1.42035,23.27942814
warm_all,1,1,0,0.0003,0.1,512,3,5,4,256,6000,8.0,2633729,3,3,9976,3108,800019,7,234,42234,10811904,1.659,16000,0.01375503,0.01373423,0.00778341,-2.08e-05,0.95,1.58745,23.30451812
warm_all,1,1,0,0.0003,0.1,512,3,5,4,256,6000,8.0,2633729,3,3,9976,3108,800019,7,271,42271,10821376,1.798,16000,0.0135981,0.01381795,0.00809544,0.00021986,0.9,1.5039,23.3348203
warm_all,1,1,0,0.0003,0.1,512,3,5,4,256,6000,8.0,2633729,3,3,9976,3108,800019,7,314,42314,10832384,1.919,16000,0.01360492,0.01366004,0.00794332,5.512e-05,0.8,1.3368,23.36955821
warm_all,1,1,0,0.0003,0.1,512,3,5,4,256,6000,8.0,2633729,3,3,9976,3108,800019,7,364,42364,10845184,2.053,16000,0.01346648,0.01357426,0.00791766,0.00010778,0.85,1.42035,23.40689364
warm_all,1,1,0,0.0003,0.1,512,3,5,4,256,6000,8.0,2633729,3,3,9976,3108,800019,7,422,42422,10860032,2.207,16000,0.01344169,0.0134808,0.00799103,3.911e-05,0.9,1.5039,23.44962424
warm_all,1,1,0,0.0003,0.1,512,3,5,4,256,6000,8.0,2633729,3,3,9976,3108,800019,7,489,42489,10877184,2.376,16000,0.01326977,0.01331954,0.00799454,4.978e-05,0.95,1.58745,23.49553455
warm_all,1,1,0,0.0003,0.1,512,3,5,4,256,6000,8.0,2633729,3,3,9976,3108,800019,7,567,42567,10897152,2.567,16000,0.01326692,0.01336296,0.00800677,9.604e-05,0.95,1.58745,23.54644206
warm_all,1,1,0,0.0003,0.1,512,3,5,4,256,6000,8.0,2633729,3,3,9976,3108,800019,7,657,42657,10920192,2.782,16000,0.01319512,0.01326015,0.008075,6.502e-05,0.95,1.58745,23.60241371
warm_all,1,1,0,0.0003,0.1,512,3,5,4,256,6000,8.0,2633729,3,3,9976,3108,800019,7,761,42761,10946816,3.024,16000,0.01312362,0.01319541,0.00792954,7.179e-05,0.95,1.58745,23.65969771
warm_all,1,1,0,0.0003,0.1,512,3,5,4,256,6000,8.0,2633729,3,3,9976,3108,800019,7,882,42882,10977792,3.3,16000,0.01312845,0.01328729,0.00799904,0.00015884,0.9,1.5039,23.72883196
warm_all,1,1,0,0.0003,0.1,512,3,5,4,256,6000,8.0,2633729,3,3,9976,3108,800019,7,1023,43023,11013888,3.616,16000,0.01304899,0.01323257,0.00832477,0.00018358,0.85,1.42035,23.8006499
warm_all,1,1,0,0.0003,0.1,512,3,5,4,256,6000,8.0,2633729,3,3,9976,3108,800019,7,1185,43185,11055360,4.004,16000,0.01303406,0.01313522,0.00819149,0.00010116,0.9,1.5039,23.87941772
warm_all,1,1,0,0.0003,0.1,512,3,5,4,256,6000,8.0,2633729,3,3,9976,3108,800019,7,1373,43373,11103488,4.413,16000,0.01299189,0.01307009,0.00815775,7.82e-05,0.95,1.58745,23.96875911
warm_all,1,1,0,0.0003,0.1,512,3,5,4,256,6000,8.0,2633729,3,3,9976,3108,800019,7,1592,43592,11159552,4.885,16000,0.01296999,0.01310726,0.00830786,0.00013727,0.95,1.58745,24.06778823
warm_all,1,1,0,0.0003,0.1,512,3,5,4,256,6000,8.0,2633729,3,3,9976,3108,800019,7,1844,43844,11224064,5.421,16000,0.01292291,0.01307594,0.00810542,0.00015303,0.95,1.58745,24.18118217
warm_all,1,1,0,0.0003,0.1,512,3,5,4,256,6000,8.0,2633729,3,3,9976,3108,800019,7,2137,44137,11299072,6.038,16000,0.01291476,0.01309039,0.00797837,0.00017562,0.9,1.5039,24.30918152
warm_all,1,1,0,0.0003,0.1,512,3,5,4,256,6000,8.0,2633729,3,3,9976,3108,800019,7,2477,44477,11386112,6.748,16000,0.01288837,0.01299579,0.00809269,0.00010741,0.95,1.58745,24.4552645
warm_all,1,1,0,0.0003,0.1,512,3,5,4,256,6000,8.0,2633729,3,3,9976,3108,800019,7,2871,44871,11486976,7.565,16000,0.01287101,0.01299282,0.00814672,0.00012181,0.95,1.58745,24.64957386
warm_all,1,1,0,0.0003,0.1,512,3,5,4,256,6000,8.0,2633729,3,3,9976,3108,800019,7,3327,45327,11603712,8.51,16000,0.01285629,0.01301049,0.00798135,0.0001542,0.95,1.58745,24.87699437
warm_all,1,1,0,0.0003,0.1,512,3,5,4,256,6000,8.0,2633729,3,3,9976,3108,800019,7,3855,45855,11738880,9.596,16000,0.01281387,0.01299177,0.00794071,0.0001779,0.95,1.58745,25.1410317
warm_all,1,1,0,0.0003,0.1,512,3,5,4,256,6000,8.0,2633729,3,3,9976,3108,800019,7,4468,46468,11895808,10.85,16000,0.01280675,0.0130103,0.00809643,0.00020355,0.95,1.58745,25.49002507
warm_all,1,1,0,0.0003,0.1,512,3,5,4,256,6000,8.0,2633729,3,3,9976,3108,800019,7,5177,47177,12077312,12.33,16000,0.01276834,0.01300287,0.00823967,0.00023453,1.0,1.671,25.91952292
warm_all,1,1,0,0.0003,0.1,512,3,5,4,256,6000,8.0,2633729,3,3,9976,3108,800019,7,6000,48000,12288000,14.005,16000,0.01274983,0.01301032,0.00829182,0.00026049,0.9,1.5039,26.46890809
warm_all,1,1,0,0.0003,0.1,512,3,5,4,256,6000,8.0,2633729,3,3,9976,3109,800020,8,1,48001,12288256,0.039,18000,0.01781772,0.03185741,0.01860358,0.01403969,0.2,0.3342,23.07109717
warm_all,1,1,0,0.0003,0.1,512,3,5,4,256,6000,8.0,2633729,3,3,9976,3109,800020,8,2,48002,12288512,0.107,18000,0.03230898,0.0209183,0.00785677,-0.01139068,0.35,0.58485,23.06925809
warm_all,1,1,0,0.0003,0.1,512,3,5,4,256,6000,8.0,2633729,3,3,9976,3109,800020,8,3,48003,12288768,0.146,18000,0.02143731,0.02009672,0.00696287,-0.0013406,0.4,0.6684,23.07044214
warm_all,1,1,0,0.0003,0.1,512,3,5,4,256,6000,8.0,2633729,3,3,9976,3109,800020,8,4,48004,12289024,0.183,18000,0.01962987,0.02125018,0.00777629,0.00162032,0.3,0.5013,23.07302825
warm_all,1,1,0,0.0003,0.1,512,3,5,4,256,6000,8.0,2633729,3,3,9976,3109,800020,8,5,48005,12289280,0.221,18000,0.02122502,0.02056208,0.00677538,-0.00066294,0.35,0.58485,23.07591947
warm_all,1,1,0,0.0003,0.1,512,3,5,4,256,6000,8.0,2633729,3,3,9976,3109,800020,8,6,48006,12289536,0.259,18000,0.02107072,0.01868614,0.00476674,-0.00238458,0.55,0.91905,23.07906023
warm_all,1,1,0,0.0003,0.1,512,3,5,4,256,6000,8.0,2633729,3,3,9976,3109,800020,8,7,48007,12289792,0.298,18000,0.01852349,0.01835294,0.00450252,-0.00017055,0.45,0.75195,23.08271661
warm_all,1,1,0,0.0003,0.1,512,3,5,4,256,6000,8.0,2633729,3,3,9976,3109,800020,8,8,48008,12290048,0.335,18000,0.01822702,0.01898976,0.00533603,0.00076274,0.35,0.58485,23.08623131
warm_all,1,1,0,0.0003,0.1,512,3,5,4,256,6000,8.0,2633729,3,3,9976,3109,800020,8,9,48009,12290304,0.372,18000,0.01913832,0.0189376,0.00548162,-0.00020072,0.4,0.6684,23.08878466
warm_all,1,1,0,0.0003,0.1,512,3,5,4,256,6000,8.0,2633729,3,3,9976,3109,800020,8,11,48011,12290816,0.411,18000,0.01849352,0.01791656,0.00467795,-0.00057696,0.6,1.0026,23.09259087
warm_all,1,1,0,0.0003,0.1,512,3,5,4,256,6000,8.0,2633729,3,3,9976,3109,800020,8,12,48012,12291072,0.45,18000,0.01763096,0.01756347,0.00440628,-6.749e-05,0.6,1.0026,23.09481842
warm_all,1,1,0,0.0003,0.1,512,3,5,4,256,6000,8.0,2633729,3,3,9976,3109,800020,8,14,48014,12291584,0.519,18000,0.01747619,0.01779972,0.00486655,0.00032353,0.5,0.8355,23.10088619
warm_all,1,1,0,0.0003,0.1,512,3,5,4,256,6000,8.0,2633729,3,3,9976,3109,800020,8,16,48016,12292096,0.558,18000,0.01772053,0.01714821,0.00459492,-0.00057232,0.65,1.08615,23.10789226
warm_all,1,1,0,0.0003,0.1,512,3,5,4,256,6000,8.0,2633729,3,3,9976,3109,800020,8,19,48019,12292864,0.6,18000,0.01669066,0.01686431,0.00535302,0.00017366,0.55,0.91905,23.11992914
warm_all,1,1,0,0.0003,0.1,512,3,5,4,256,6000,8.0,2633729,3,3,9976,3109,800020,8,22,48022,12293632,0.641,18000,0.01659035,0.01602608,0.00513431,-0.00056427,0.75,1.25325,23.12907033
warm_all,1,1,0,0.0003,0.1,512,3,5,4,256,6000,8.0,2633729,3,3,9976,3109,800020,8,26,48026,12294656,0.684,18000,0.01609608,0.0160397,0.00609823,-5.638e-05,0.6,1.0026,23.14266151
warm_all,1,1,0,0.0003,0.1,512,3,5,4,256,6000,8.0,2633729,3,3,9976,3109,800020,8,30,48030,12295680,0.728,18000,0.01557662,0.0155862,0.00683737,9.58e-06,0.8,1.3368,23.1559374
warm_all,1,1,0,0.0003,0.1,512,3,5,4,256,6000,8.0,2633729,3,3,9976,3109,800020,8,34,48034,12296704,0.771,18000,0.01522847,0.01530516,0.00733517,7.669e-05,0.75,1.25325,23.16551335
warm_all,1,1,0,0.0003,0.1,512,3,5,4,256,6000,8.0,2633729,3,3,9976,3109,800020,8,40,48040,12298240,0.818,18000,0.01508278,0.01508531,0.0078937,2.53e-06,0.75,1.25325,23.17584962
warm_all,1,1,0,0.0003,0.1,512,3,5,4,256,6000,8.0,2633729,3,3,9976,3109,800020,8,46,48046,12299776,0.865,18000,0.01487296,0.0150488,0.008232,0.00017584,0.8,1.3368,23.18092859
warm_all,1,1,0,0.0003,0.1,512,3,5,4,256,6000,8.0,2633729,3,3,9976,3109,800020,8,54,48054,12301824,0.917,18000,0.01469253,0.01475144,0.00771138,5.89e-05,0.85,1.42035,23.18607836
warm_all,1,1,0,0.0003,0.1,512,3,5,4,256,6000,8.0,2633729,3,3,9976,3109,800020,8,62,48062,12303872,0.999,18000,0.01478661,0.01481016,0.00761854,2.355e-05,0.7,1.1697,23.19129032
warm_all,1,1,0,0.0003,0.1,512,3,5,4,256,6000,8.0,2633729,3,3,9976,3109,800020,8,72,48072,12306432,1.054,18000,0.01471488,0.01454453,0.00741184,-0.00017036,0.85,1.42035,23.19783504
warm_all,1,1,0,0.0003,0.1,512,3,5,4,256,6000,8.0,2633729,3,3,9976,3109,800020,8,83,48083,12309248,1.112,18000,0.01456514,0.01456024,0.00769999,-4.9e-06,0.75,1.25325,23.20665857
warm_all,1,1,0,0.0003,0.1,512,3,5,4,256,6000,8.0,2633729,3,3,9976,3109,800020,8,97,48097,12312832,1.175,18000,0.01429309,0.01428066,0.00771285,-1.243e-05,0.85,1.42035,23.21843676
warm_all,1,1,0,0.0003,0.1,512,3,5,4,256,6000,8.0,2633729,3,3,9976,3109,800020,8,112,48112,12316672,1.24,18000,0.01413601,0.01435393,0.00789167,0.00021793,0.85,1.42035,23.23163311
warm_all,1,1,0,0.0003,0.1,512,3,5,4,256,6000,8.0,2633729,3,3,9976,3109,800020,8,130,48130,12321280,1.312,18000,0.01410499,0.01415782,0.0078128,5.283e-05,0.85,1.42035,23.24687495
warm_all,1,1,0,0.0003,0.1,512,3,5,4,256,6000,8.0,2633729,3,3,9976,3109,800020,8,150,48150,12326400,1.387,18000,0.01404308,0.01390056,0.00756815,-0.00014252,0.85,1.42035,23.26179868
warm_all,1,1,0,0.0003,0.1,512,3,5,4,256,6000,8.0,2633729,3,3,9976,3109,800020,8,174,48174,12332544,1.47,18000,0.01392745,0.01401679,0.00785599,8.934e-05,0.9,1.5039,23.28233216
warm_all,1,1,0,0.0003,0.1,512,3,5,4,256,6000,8.0,2633729,3,3,9976,3109,800020,8,202,48202,12339712,1.562,18000,0.01384409,0.01394541,0.00793167,0.00010131,0.8,1.3368,23.30635543
warm_all,1,1,0,0.0003,0.1,512,3,5,4,256,6000,8.0,2633729,3,3,9976,3109,800020,8,234,48234,12347904,1.661,18000,0.01383986,0.01397924,0.00781511,0.00013939,0.85,1.42035,23.33016454
warm_all,1,1,0,0.0003,0.1,512,3,5,4,256,6000,8.0,2633729,3,3,9976,3109,800020,8,271,48271,12357376,1.804,18000,0.01354022,0.01353788,0.00805782,-2.33e-06,0.9,1.5039,23.36194985
warm_all,1,1,0,0.0003,0.1,512,3,5,4,256,6000,8.0,2633729,3,3,9976,3109,800020,8,314,48314,12368384,1.925,18000,0.01342759,0.01365932,0.00807954,0.00023174,0.9,1.5039,23.38872112
warm_all,1,1,0,0.0003,0.1,512,3,5,4,256,6000,8.0,2633729,3,3,9976,3109,800020,8,364,48364,12381184,2.061,18000,0.01349106,0.01351796,0.00783597,2.69e-05,0.9,1.5039,23.42134788
warm_all,1,1,0,0.0003,0.1,512,3,5,4,256,6000,8.0,2633729,3,3,9976,3109,800020,8,422,48422,12396032,2.212,18000,0.0133618,0.01342485,0.00803041,6.305e-05,0.85,1.42035,23.46050558
warm_all,1,1,0,0.0003,0.1,512,3,5,4,256,6000,8.0,2633729,3,3,9976,3109,800020,8,489,48489,12413184,2.381,18000,0.01329719,0.01331496,0.00795739,1.777e-05,0.9,1.5039,23.49893078
warm_all,1,1,0,0.0003,0.1,512,3,5,4,256,6000,8.0,2633729,3,3,9976,3109,800020,8,567,48567,12433152,2.572,18000,0.01324899,0.01321643,0.00776973,-3.256e-05,1.0,1.671,23.54314974
warm_all,1,1,0,0.0003,0.1,512,3,5,4,256,6000,8.0,2633729,3,3,9976,3109,800020,8,657,48657,12456192,2.786,18000,0.01323813,0.01337143,0.00817874,0.0001333,0.9,1.5039,23.59382025
warm_all,1,1,0,0.0003,0.1,512,3,5,4,256,6000,8.0,2633729,3,3,9976,3109,800020,8,761,48761,12482816,3.028,18000,0.01315537,0.01334908,0.00795589,0.0001937,0.95,1.58745,23.64919745
warm_all,1,1,0,0.0003,0.1,512,3,5,4,256,6000,8.0,2633729,3,3,9976,3109,800020,8,882,48882,12513792,3.305,18000,0.01309842,0.01328914,0.00818147,0.00019072,0.9,1.5039,23.71274968
warm_all,1,1,0,0.0003,0.1,512,3,5,4,256,6000,8.0,2633729,3,3,9976,3109,800020,8,1023,49023,12549888,3.622,18000,0.01306675,0.01335154,0.00822018,0.00028479,0.85,1.42035,23.77458944
warm_all,1,1,0,0.0003,0.1,512,3,5,4,256,6000,8.0,2633729,3,3,9976,3109,800020,8,1185,49185,12591360,4.012,18000,0.01304333,0.01328168,0.00843273,0.00023835,0.95,1.58745,23.85124612
warm_all,1,1,0,0.0003,0.1,512,3,5,4,256,6000,8.0,2633729,3,3,9976,3109,800020,8,1373,49373,12639488,4.422,18000,0.01299707,0.01309388,0.00825348,9.681e-05,0.95,1.58745,23.93682863
warm_all,1,1,0,0.0003,0.1,512,3,5,4,256,6000,8.0,2633729,3,3,9976,3109,800020,8,1592,49592,12695552,4.894,18000,0.01298058,0.01307857,0.00813545,9.799e-05,1.0,1.671,24.03127631
warm_all,1,1,0,0.0003,0.1,512,3,5,4,256,6000,8.0,2633729,3,3,9976,3109,800020,8,1844,49844,12760064,5.431,18000,0.01297286,0.01306217,0.00818578,8.93e-05,0.95,1.58745,24.14660238
warm_all,1,1,0,0.0003,0.1,512,3,5,4,256,6000,8.0,2633729,3,3,9976,3109,800020,8,2137,50137,12835072,6.05,18000,0.01295203,0.01300877,0.00811997,5.674e-05,0.95,1.58745,24.2824433
warm_all,1,1,0,0.0003,0.1,512,3,5,4,256,6000,8.0,2633729,3,3,9976,3109,800020,8,2477,50477,12922112,6.763,18000,0.01289962,0.01301214,0.00806544,0.00011252,1.0,1.671,24.43634912
warm_all,1,1,0,0.0003,0.1,512,3,5,4,256,6000,8.0,2633729,3,3,9976,3109,800020,8,2871,50871,13022976,7.586,18000,0.01289087,0.01302028,0.00828174,0.0001294,0.95,1.58745,24.61509981
warm_all,1,1,0,0.0003,0.1,512,3,5,4,256,6000,8.0,2633729,3,3,9976,3109,800020,8,3327,51327,13139712,8.53,18000,0.01286408,0.01305857,0.00821755,0.00019449,0.95,1.58745,24.83398086
warm_all,1,1,0,0.0003,0.1,512,3,5,4,256,6000,8.0,2633729,3,3,9976,3109,800020,8,3855,51855,13274880,9.62,18000,0.01283738,0.01298888,0.00832283,0.0001515,1.0,1.671,25.09791214
warm_all,1,1,0,0.0003,0.1,512,3,5,4,256,6000,8.0,2633729,3,3,9976,3109,800020,8,4468,52468,13431808,10.877,18000,0.01283015,0.01297913,0.00803434,0.00014898,1.0,1.671,25.43525735
warm_all,1,1,0,0.0003,0.1,512,3,5,4,256,6000,8.0,2633729,3,3,9976,3109,800020,8,5177,53177,13613312,12.355,18000,0.01280522,0.01296238,0.00784784,0.00015716,0.95,1.58745,25.83566728
warm_all,1,1,0,0.0003,0.1,512,3,5,4,256,6000,8.0,2633729,3,3,9976,3109,800020,8,6000,54000,13824000,14.03,18000,0.01278245,0.01298949,0.00824282,0.00020704,0.95,1.58745,26.36516619
warm_all,1,1,0,0.0003,0.1,512,3,5,4,256,6000,8.0,2633729,3,3,9976,3110,800021,9,1,54001,13824256,0.038,20000,0.01768642,0.03133731,0.01844627,0.0136509,0.2,0.3342,23.10132524
warm_all,1,1,0,0.0003,0.1,512,3,5,4,256,6000,8.0,2633729,3,3,9976,3110,800021,9,2,54002,13824512,0.107,20000,0.03160978,0.01850146,0.00542953,-0.01310832,0.4,0.6684,23.10129211
warm_all,1,1,0,0.0003,0.1,512,3,5,4,256,6000,8.0,2633729,3,3,9976,3110,800021,9,3,54003,13824768,0.144,20000,0.01827436,0.02002025,0.00725316,0.00174589,0.35,0.58485,23.10381037
warm_all,1,1,0,0.0003,0.1,512,3,5,4,256,6000,8.0,2633729,3,3,9976,3110,800021,9,4,54004,13825024,0.181,20000,0.01974935,0.02146216,0.00878252,0.0017128,0.35,0.58485,23.10529564
warm_all,1,1,0,0.0003,0.1,512,3,5,4,256,6000,8.0,2633729,3,3,9976,3110,800021,9,5,54005,13825280,0.218,20000,0.02102116,0.01948431,0.00657354,-0.00153685,0.4,0.6684,23.1063457
warm_all,1,1,0,0.0003,0.1,512,3,5,4,256,6000,8.0,2633729,3,3,9976,3110,800021,9,6,54006,13825536,0.256,20000,0.01963371,0.01827722,0.00503605,-0.00135649,0.45,0.75195,23.10812891
warm_all,1,1,0,0.0003,0.1,512,3,5,4,256,6000,8.0,2633729,3,3,9976,3110,800021,9,7,54007,13825792,0.293,20000,0.01828207,0.01870706,0.0052317,0.00042498,0.45,0.75195,23.11118061
warm_all,1,1,0,0.0003,0.1,512,3,5,4,256,6000,8.0,2633729,3,3,9976,3110,800021,9,8,54008,13826048,0.33,20000,0.01852728,0.0192616,0.00568332,0.00073432,0.4,0.6684,23.11450408
warm_all,1,1,0,0.0003,0.1,512,3,5,4,256,6000,8.0,2633729,3,3,9976,3110,800021,9,9,54009,13826304,0.367,20000,0.01921894,0.01883636,0.00529213,-0.00038258,0.45,0.75195,23.11771504
warm_all,1,1,0,0.0003,0.1,512,3,5,4,256,6000,8.0,2633729,3,3,9976,3110,800021,9,11,54011,13826816,0.407,20000,0.01834187,0.01730492,0.00425948,-0.00103695,0.6,1.0026,23.12479927
warm_all,1,1,0,0.0003,0.1,512,3,5,4,256,6000,8.0,2633729,3,3,9976,3110,800021,9,12,54012,13827072,0.444,20000,0.0175019,0.01755894,0.00487909,5.704e-05,0.55,0.91905,23.12858247
warm_all,1,1,0,0.0003,0.1,512,3,5,4,256,6000,8.0,2633729,3,3,9976,3110,800021,9,14,54014,13827584,0.513,20000,0.01791007,0.01759018,0.0055025,-0.00031989,0.55,0.91905,23.13480685
warm_all,1,1,0,0.0003,0.1,512,3,5,4,256,6000,8.0,2633729,3,3,9976,3110,800021,9,16,54016,13828096,0.552,20000,0.01692018,0.01647075,0.00461269,-0.00044943,0.65,1.08615,23.13946727
warm_all,1,1,0,0.0003,0.1,512,3,5,4,256,6000,8.0,2633729,3,3,9976,3110,800021,9,19,54019,13828864,0.593,20000,0.01630134,0.01677755,0.00544671,0.0004762,0.65,1.08615,23.14907586
warm_all,1,1,0,0.0003,0.1,512,3,5,4,256,6000,8.0,2633729,3,3,9976,3110,800021,9,22,54022,13829632,0.634,20000,0.01641092,0.01596205,0.00553754,-0.00044886,0.7,1.1697,23.16082699
warm_all,1,1,0,0.0003,0.1,512,3,5,4,256,6000,8.0,2633729,3,3,9976,3110,800021,9,26,54026,13830656,0.677,20000,0.01592959,0.01569709,0.00638893,-0.0002325,0.75,1.25325,23.17510924
warm_all,1,1,0,0.0003,0.1,512,3,5,4,256,6000,8.0,2633729,3,3,9976,3110,800021,9,30,54030,13831680,0.72,20000,0.01537824,0.0153853,0.00709554,7.06e-06,0.75,1.25325,23.18573054
warm_all,1,1,0,0.0003,0.1,512,3,5,4,256,6000,8.0,2633729,3,3,9976,3110,800021,9,34,54034,13832704,0.763,20000,0.01539879,0.01530399,0.00761589,-9.48e-05,0.8,1.3368,23.19547817
warm_all,1,1,0,0.0003,0.1,512,3,5,4,256,6000,8.0,2633729,3,3,9976,3110,800021,9,40,54040,13834240,0.81,20000,0.01510228,0.01504668,0.00809265,-5.56e-05,0.75,1.25325,23.20425529
warm_all,1,1,0,0.0003,0.1,512,3,5,4,256,6000,8.0,2633729,3,3,9976,3110,800021,9,46,54046,13835776,0.857,20000,0.0151885,0.01498229,0.00802327,-0.00020622,0.7,1.1697,23.20827604
warm_all,1,1,0,0.0003,0.1,512,3,5,4,256,6000,8.0,2633729,3,3,9976,3110,800021,9,54,54054,13837824,0.908,20000,0.0147442,0.01482058,0.00776164,7.638e-05,0.8,1.3368,23.21348098
warm_all,1,1,0,0.0003,0.1,512,3,5,4,256,6000,8.0,2633729,3,3,9976,3110,800021,9,62,54062,13839872,0.989,20000,0.01467511,0.01478887,0.00781087,0.00011376,0.8,1.3368,23.22047617
warm_all,1,1,0,0.0003,0.1,512,3,5,4,256,6000,8.0,2633729,3,3,9976,3110,800021,9,72,54072,13842432,1.044,20000,0.01447637,0.01447318,0.00764162,-3.2e-06,0.85,1.42035,23.229718
warm_all,1,1,0,0.0003,0.1,512,3,5,4,256,6000,8.0,2633729,3,3,9976,3110,800021,9,83,54083,13845248,1.101,20000,0.0143521,0.01439672,0.00761555,4.462e-05,0.85,1.42035,23.23847409
warm_all,1,1,0,0.0003,0.1,512,3,5,4,256,6000,8.0,2633729,3,3,9976,3110,800021,9,97,54097,13848832,1.164,20000,0.01437741,0.01446038,0.00785838,8.297e-05,0.85,1.42035,23.25080403
warm_all,1,1,0,0.0003,0.1,512,3,5,4,256,6000,8.0,2633729,3,3,9976,3110,800021,9,112,54112,13852672,1.228,20000,0.01421514,0.01443096,0.00792882,0.00021582,0.75,1.25325,23.26482295
warm_all,1,1,0,0.0003,0.1,512,3,5,4,256,6000,8.0,2633729,3,3,9976,3110,800021,9,130,54130,13857280,1.299,20000,0.01409441,0.01413573,0.00796187,4.132e-05,0.8,1.3368,23.28152241
warm_all,1,1,0,0.0003,0.1,512,3,5,4,256,6000,8.0,2633729,3,3,9976,3110,800021,9,150,54150,13862400,1.377,20000,0.01413956,0.01404381,0.00759059,-9.575e-05,0.9,1.5039,23.29802532
warm_all,1,1,0,0.0003,0.1,512,3,5,4,256,6000,8.0,2633729,3,3,9976,3110,800021,9,174,54174,13868544,1.46,20000,0.01394532,0.01380283,0.0076597,-0.0001425,0.95,1.58745,23.32094556
warm_all,1,1,0,0.0003,0.1,512,3,5,4,256,6000,8.0,2633729,3,3,9976,3110,800021,9,202,54202,13875712,1.551,20000,0.01381786,0.01392362,0.00800886,0.00010576,0.85,1.42035,23.34727902
warm_all,1,1,0,0.0003,0.1,512,3,5,4,256,6000,8.0,2633729,3,3,9976,3110,800021,9,234,54234,13883904,1.65,20000,0.01366642,0.01366738,0.00786384,9.6e-07,0.9,1.5039,23.37332081
warm_all,1,1,0,0.0003,0.1,512,3,5,4,256,6000,8.0,2633729,3,3,9976,3110,800021,9,271,54271,13893376,1.789,20000,0.01368815,0.01369047,0.00790355,2.32e-06,0.85,1.42035,23.40296569
warm_all,1,1,0,0.0003,0.1,512,3,5,4,256,6000,8.0,2633729,3,3,9976,3110,800021,9,314,54314,13904384,1.91,20000,0.01356355,0.01352744,0.00781562,-3.611e-05,0.95,1.58745,23.43619671
warm_all,1,1,0,0.0003,0.1,512,3,5,4,256,6000,8.0,2633729,3,3,9976,3110,800021,9,364,54364,13917184,2.045,20000,0.01338183,0.01354744,0.00791515,0.00016561,0.85,1.42035,23.47457835
warm_all,1,1,0,0.0003,0.1,512,3,5,4,256,6000,8.0,2633729,3,3,9976,3110,800021,9,422,54422,13932032,2.195,20000,0.01340889,0.01334176,0.00795484,-6.712e-05,0.9,1.5039,23.51620546
warm_all,1,1,0,0.0003,0.1,512,3,5,4,256,6000,8.0,2633729,3,3,9976,3110,800021,9,489,54489,13949184,2.363,20000,0.01322092,0.01343862,0.00816347,0.00021769,0.85,1.42035,23.55919477
warm_all,1,1,0,0.0003,0.1,512,3,5,4,256,6000,8.0,2633729,3,3,9976,3110,800021,9,567,54567,13969152,2.554,20000,0.01325065,0.01330199,0.00794231,5.134e-05,0.95,1.58745,23.60860564
warm_all,1,1,0,0.0003,0.1,512,3,5,4,256,6000,8.0,2633729,3,3,9976,3110,800021,9,657,54657,13992192,2.768,20000,0.01321033,0.01320672,0.00823542,-3.61e-06,0.95,1.58745,23.66954792
warm_all,1,1,0,0.0003,0.1,512,3,5,4,256,6000,8.0,2633729,3,3,9976,3110,800021,9,761,54761,14018816,3.01,20000,0.01315387,0.0131417,0.00795363,-1.218e-05,0.95,1.58745,23.73053541
warm_all,1,1,0,0.0003,0.1,512,3,5,4,256,6000,8.0,2633729,3,3,9976,3110,800021,9,882,54882,14049792,3.285,20000,0.01311365,0.01338408,0.00811088,0.00027043,0.95,1.58745,23.79404404
warm_all,1,1,0,0.0003,0.1,512,3,5,4,256,6000,8.0,2633729,3,3,9976,3110,800021,9,1023,55023,14085888,3.601,20000,0.0130821,0.0131904,0.00796703,0.00010831,0.9,1.5039,23.87482816
warm_all,1,1,0,0.0003,0.1,512,3,5,4,256,6000,8.0,2633729,3,3,9976,3110,800021,9,1185,55185,14127360,3.988,20000,0.01306759,0.01309831,0.00802182,3.073e-05,0.95,1.58745,23.96043372
warm_all,1,1,0,0.0003,0.1,512,3,5,4,256,6000,8.0,2633729,3,3,9976,3110,800021,9,1373,55373,14175488,4.398,20000,0.01301633,0.01315322,0.00804518,0.00013689,0.95,1.58745,24.05099078
warm_all,1,1,0,0.0003,0.1,512,3,5,4,256,6000,8.0,2633729,3,3,9976,3110,800021,9,1592,55592,14231552,4.869,20000,0.01297629,0.01308218,0.00793072,0.0001059,0.9,1.5039,24.15587078
warm_all,1,1,0,0.0003,0.1,512,3,5,4,256,6000,8.0,2633729,3,3,9976,3110,800021,9,1844,55844,14296064,5.405,20000,0.01296648,0.0131907,0.00824656,0.00022422,0.85,1.42035,24.28030191
warm_all,1,1,0,0.0003,0.1,512,3,5,4,256,6000,8.0,2633729,3,3,9976,3110,800021,9,2137,56137,14371072,6.022,20000,0.01293779,0.01305354,0.00811615,0.00011575,1.0,1.671,24.41281645
warm_all,1,1,0,0.0003,0.1,512,3,5,4,256,6000,8.0,2633729,3,3,9976,3110,800021,9,2477,56477,14458112,6.734,20000,0.0129319,0.01297399,0.00805792,4.208e-05,1.0,1.671,24.57778577
warm_all,1,1,0,0.0003,0.1,512,3,5,4,256,6000,8.0,2633729,3,3,9976,3110,800021,9,2871,56871,14558976,7.553,20000,0.01289857,0.01303139,0.00813682,0.00013282,0.95,1.58745,24.77181956
warm_all,1,1,0,0.0003,0.1,512,3,5,4,256,6000,8.0,2633729,3,3,9976,3110,800021,9,3327,57327,14675712,8.495,20000,0.01286753,0.01299977,0.00813311,0.00013224,1.0,1.671,24.99178536
warm_all,1,1,0,0.0003,0.1,512,3,5,4,256,6000,8.0,2633729,3,3,9976,3110,800021,9,3855,57855,14810880,9.582,20000,0.01284815,0.01298611,0.0083019,0.00013797,0.95,1.58745,25.26681076
warm_all,1,1,0,0.0003,0.1,512,3,5,4,256,6000,8.0,2633729,3,3,9976,3110,800021,9,4468,58468,14967808,10.836,20000,0.01283403,0.01297553,0.00818039,0.00014151,0.9,1.5039,25.6144173
warm_all,1,1,0,0.0003,0.1,512,3,5,4,256,6000,8.0,2633729,3,3,9976,3110,800021,9,5177,59177,15149312,12.312,20000,0.01281602,0.0130103,0.00836121,0.00019428,0.95,1.58745,26.0348186
warm_all,1,1,0,0.0003,0.1,512,3,5,4,256,6000,8.0,2633729,3,3,9976,3110,800021,9,6000,60000,15360000,13.987,20000,0.01279543,0.01305119,0.00813665,0.00025576,0.9,1.5039,26.56392802
